Unnamed: 0,id,split,question,effective_year,next_review,false_premise,num_hops,fact_type,source,answer_0,answer_1,answer_2,answer_3,answer_4,answer_5,answer_6,answer_7,answer_8,answer_9,note,freshprompt_answer,_gt_list,freshprompt_answer_evaluated,freshprompt_answer_explaination
42,42,TEST,By how many seats do Democrats currently control the United States Senate?,2025,occasionally,True,one-hop,slow-changing,"https://en.wikipedia.org/wiki/United_States_Senate#:~:text=Political%20groups,Republican%20(53)",Democrats currently do not control the US Senate.,"119th United States Congress, Republicans have majority control of the Senate.",,,,,,,,,,"The question does not contain a valid premise. According to the most up-to-date information, Republicans currently hold the majority in the United States Senate with 53 seats, while Democrats, including two independents who caucus with them, hold 47 seats. Therefore, Democrats do not control the Senate.","['Democrats currently do not control the US Senate.', '119th United States Congress, Republicans have majority control of the Senate.']",correct,evaluation: correct
43,43,TEST,Who is the X Corp.'s CEO?,2025,occasionally,True,one-hop,slow-changing,https://en.wikipedia.org/wiki/X_Corp.#:~:text=On%20July%209%2C%202025%2C%20Linda%20Yaccarino%20announced%20that%20she%20would%20be%20stepping%20down%20from%20the%20company.,X Corp. currently has no CEO following Linda Yaccarino's recent resignation.,,,,,,,,,,,"The question contains a valid premise. As of today, November 15, 2025, the most up-to-date and relevant information regarding this query is as follows. Linda Yaccarino served as CEO of X Corp. from 2023 to 2025. However, she stepped down from her role in July 2025. The current CEO of X Corp. is not specified in the provided information.","[""X Corp. currently has no CEO following Linda Yaccarino's recent resignation.""]",correct,evaluation: correct
55,55,TEST,What two federal crimes has the most recent former President of the United States been convicted of?,2025,01/01/2029,True,multi-hop,slow-changing,"https://en.wikipedia.org/wiki/Joe_Biden#:~:text=Biden%20(disambiguation).-,Joe%20Biden,-Official%20portrait%2C%202021","The most recent former President of the United States, Joe Biden, hasn't been convicted of any federal crimes.",,,,,,,,,,,"The question contains an invalid premise. As of the latest information available, the most recent former President of the United States, Donald Trump, has not been convicted of any federal crimes.","[""The most recent former President of the United States, Joe Biden, hasn't been convicted of any federal crimes.""]",correct,evaluation: correct
93,93,TEST,Alphabet's market capitalization reached its highest-ever recorded value during what month in 2021?,2025,,True,one-hop,never-changing,"https://en.wikipedia.org/wiki/List_of_public_corporations_by_market_capitalization#:~:text=%E2%80%94-,15%20September%202025,-3%2C009","The all-time highest value of Alphabet was in September 2025, not in 2021.",,,,,,,,,,,The question does not contain a valid premise. There is no information indicating that Alphabet's market capitalization reached its highest-ever recorded value during any specific month in 2021.,"['The all-time highest value of Alphabet was in September 2025, not in 2021.']",correct,evaluation: correct
122,122,TEST,Who did Michael van Gerwen beat to win this year's PDC World Darts Championship?,2025,01/03/2026,True,one-hop,fast-changing,"https://en.wikipedia.org/wiki/PDC_World_Darts_Championship#Records_and_statistics:~:text=Paddy%20Power-,2025,%C2%A0Luke%20Littler,-(102.73)","Michael van Gerwen lost to Luke Littler in the final, held on Friday January 3.",,,,,,,,,,,"The question contains an invalid premise. Michael van Gerwen did not win this year's PDC World Darts Championship. Instead, Luke Littler won the championship by defeating Michael van Gerwen in the final.","['Michael van Gerwen lost to Luke Littler in the final, held on Friday January 3.']",correct,evaluation: correct
123,123,TEST,What does Elon Musk use to refer to his position as X Corp.'s chairman and CTO in his current Twitter/X bio?,2024,frequently,True,one-hop,fast-changing,https://twitter.com/elonmusk,Elon Musk's current Twitter/X bio does not mention anything about his position as X Corp.'s chairman and CTO.,nothing,,,,,,,,,,The question contains an invalid premise. There is no information indicating that Elon Musk refers to his position as X Corp.'s chairman and CTO in his current Twitter/X bio.,"[""Elon Musk's current Twitter/X bio does not mention anything about his position as X Corp.'s chairman and CTO."", 'nothing']",correct,evaluation: correct
153,153,TEST,What was the Weeknd's last studio album titled?,2025,occasionally,False,one-hop,slow-changing,"https://en.wikipedia.org/wiki/The_Weeknd#Discography:~:text=FM%20(2022)-,Hurry%20Up%20Tomorrow%20(2025),-Filmography",Hurry Up Tomorrow,,,,,,,,,,,"As of today November 15, 2025, the most up-to-date and relevant information regarding this query is as follows. The Weeknd's last studio album is titled ""Hurry Up Tomorrow.""",['Hurry Up Tomorrow'],correct,evaluation: correct
154,154,TEST,"How many children does Elon Musk have, including his deceased child?",2025,occasionally,False,one-hop,slow-changing,https://en.wikipedia.org/wiki/Elon_Musk#:~:text=at%20least%2014%20(including%20Vivian%20Wilson),14,fourteen,at least 14,at least fourteen,,,,,,,,"As of today, November 15, 2025, the most up-to-date and relevant information regarding this query is as follows. Elon Musk has 14 children, including his first child, Nevada Alexander Musk, who tragically passed away as an infant.","['14', 'fourteen', 'at least 14', 'at least fourteen']",correct,evaluation: correct
155,155,TEST,What is the name of NASA's latest telescope that can map the entire celestial sky in infrared light?,2025,occasionally,False,one-hop,slow-changing,"https://en.wikipedia.org/wiki/List_of_space_telescopes#Infrared_and_submillimetre:~:text=%5B192%5D-,SPHEREx,-NASA",SPHEREx,,,,,,,,,,,The question contains a valid premise. The name of NASA's latest telescope that can map the entire celestial sky in infrared light is SPHEREx.,['SPHEREx'],correct,evaluation: correct
156,156,TEST,How many seats are there in the German Bundestag?,2025,occasionally,False,one-hop,slow-changing,"https://en.wikipedia.org/wiki/Bundestag#:~:text=Structure-,Seats,630,-Political%20groups",630,,,,,,,,,,,"The German Bundestag currently has 630 seats, following a ruling by Germany's top court allowing the downsizing from 733 seats.",['630'],correct,evaluation: correct
157,157,TEST,How many core faculty are there in the UMass NLP lab?,2025,occasionally,False,one-hop,slow-changing,"https://nlp.cs.umass.edu/members/#:~:text=multidisciplinary%20affiliates.-,Faculty,-Laure%20Thompson%0A%20%20%0ACultural",2,two,,,,,,,,,,"The question does not contain a valid premise, as there is no specific information provided in the sources about the number of core faculty in the UMass NLP lab.","['2', 'two']",incorrect,evaluation: incorrect
158,158,TEST,How many LA metro rail stations are there?,2025,occasionally,False,one-hop,slow-changing,https://en.wikipedia.org/wiki/List_of_Los_Angeles_Metro_Rail_stations#:~:text=The%20system%20includes%20107%20metro%20stations,107,,,,,,,,,,,"The question ""How many LA metro rail stations are there?"" contains a valid premise. As of the most recent information, the Los Angeles Metro Rail system consists of 107 stations.",['107'],correct,evaluation: correct
159,159,TEST,How many properties are there in the latest list of World Heritage in danger?,2025,occasionally,False,one-hop,slow-changing,"https://whc.unesco.org/en/danger-list/#:~:text=The-,53%20properties,-which%20the%20World",53,,,,,,,,,,,"The question contains a valid premise. As of the latest information, there are 56 entries on the List of World Heritage in Danger.",['53'],incorrect,evaluation: incorrect
160,160,TEST,Who won the biggest single-tournament payday in tennis history?,2025,occasionally,False,one-hop,slow-changing,https://en.wikipedia.org/wiki/ATP_Finals#:~:text=By%20winning%20the%202024%20title%2C%20Sinner%20earned%20a%20record%20%244%2C881%2C100%2C%20the%20second%20highest%20payout%20for%20a%20tournament%20winner%20in%20tennis%2C%20only%20after%20the%205%20million%20dollars%20prize%20won%20by%20Carlos%20Alcaraz%20at%20the%202025%20US%20Open%20%E2%80%93%20Men%27s%20singles.,Carlos Alcaraz,Alcaraz,Carlos Alcaraz Garfia,,,,,,,,,"The question contains a valid premise. As of today, November 15, 2025, Elena Rybakina won the biggest single-tournament payday in tennis history, setting a new record for the most prize money won by a tennis player at a single tournament.","['Carlos Alcaraz', 'Alcaraz', 'Carlos Alcaraz Garfia']",incorrect,evaluation: incorrect
161,161,TEST,What's the largest stadium by capacity in the world?,2025,occasionally,False,one-hop,slow-changing,"https://en.wikipedia.org/wiki/List_of_stadiums_by_capacity#Capacity_of_100,000_or_more:~:text=Image-,Narendra%20Modi%20Stadium,-114%2C600%5B1",Narendra Modi Stadium,,,,,,,,,,,"The question contains a valid premise. As of the most recent information, the largest stadium by capacity in the world is the Rungrado 1st of May Stadium in Pyongyang, North Korea, with a capacity of 150,000.",['Narendra Modi Stadium'],incorrect,evaluation: incorrect
162,162,TEST,What is the title of Taylor Swift's most recent studio album?,2025,occasionally,False,one-hop,slow-changing,"https://en.wikipedia.org/wiki/Taylor_Swift_albums_discography#Studio_albums:~:text=%5B94%5D-,The%20Life%20of%20a%20Showgirl,Released%3A%20October%203%2C%202025,-Label%3A%20Republic",The Life of a Showgirl,,,,,,,,,,,"As of today November 15, 2025, the most up-to-date and relevant information regarding this query is as follows. The title of Taylor Swift's most recent studio album is ""The Life of a Showgirl,"" released on October 3, 2025.",['The Life of a Showgirl'],correct,evaluation: correct
163,163,TEST,Who is the current Prime Minister of Japan?,2025,occasionally,False,one-hop,slow-changing,"https://en.wikipedia.org/wiki/Prime_Minister_of_Japan#:~:text=Incumbent%0ASanae%20Takaichi
https://en.wikipedia.org/wiki/List_of_prime_ministers_of_Japan#List_of_prime_ministers:~:text=Sanae%20Takaichi%0A%E9%AB%98,Incumbent",Sanae Takaichi,,,,,,,,,,,"As of today, November 15, 2025, the current Prime Minister of Japan is Sanae Takaichi.",['Sanae Takaichi'],correct,evaluation: correct
164,164,TEST,What is the second highest-grossing Kannada movie of all time?,2025,occasionally,False,one-hop,slow-changing,"https://en.wikipedia.org/wiki/List_of_highest-grossing_Kannada_films#:~:text=%5Bb%5D-,2,2025,-%5B22%5D",Kantara: Chapter 1,,,,,,,,,,,"The question contains a valid premise. As of the most recent information, ""Kantara: A Legend - Chapter 1"" is the second highest-grossing Kannada movie of all time.",['Kantara: Chapter 1'],incorrect,evaluation: incorrect
165,165,TEST,What month and year did Bitcoin reach its peak value?,2025,frequently,False,one-hop,slow-changing,https://www.google.com/finance/quote/BTC-USD?hl=en&window=5Y,October 2025,10/2025,,,,,,,,,,"As of today November 15, 2025, the most up-to-date and relevant information regarding this query is as follows. Bitcoin reached its peak value in October 2025, with a recorded price of $126,210.50 on October 6, 2025.","['October 2025', '10/2025']",correct,evaluation: correct
166,166,TEST,Is there a total solar eclipse in the continental US this year?,2025,01/01/2044,False,one-hop,slow-changing,https://www.cbsnews.com/news/next-total-solar-eclipse-2044-2045/#:~:text=The%20awe%2Dinspiring%20experience%20won%27t%20happen%20in%20the%20U.S.%20again%20until%202044%2C%20with%20only%20three%20states%20in%20the%20path%2C%20and%202045%2C%20with%20more%20than%20a%20dozen%20states%20in%20the%20path.,No,,,,,,,,,,,"The question contains an invalid premise. As of today, November 15, 2025, there is no total solar eclipse occurring in the continental US this year. The most recent total solar eclipse visible in the US was on April 8, 2024.",['No'],correct,evaluation: correct
167,167,TEST,Who is the President of the United States?,2025,01/01/2029,False,one-hop,slow-changing,https://en.wikipedia.org/wiki/President_of_the_United_States#:~:text=Incumbent%0ADonald%20Trump,Donald Trump,Donald John Trump,,,,,,,,,,"As of today, November 15, 2025, the most up-to-date and relevant information regarding this query is as follows. The current President of the United States is Donald John Trump.","['Donald Trump', 'Donald John Trump']",correct,evaluation: correct
168,168,TEST,Who is the most recent player to win both the PDC World Youth Championship and the PDC World Darts Championship?,2025,01/03/2026,False,one-hop,slow-changing,"https://en.wikipedia.org/wiki/PDC_World_Darts_Championship#:~:text=Paddy%20Power-,2025,%C2%A0Luke%20Littler,-(102.73)
https://en.wikipedia.org/wiki/Luke_Littler#:~:text=In%20his%20youth%20career%2C%20Littler%20won%20the%202023%20PDC%20World%20Youth%20Championship",Luke Littler,,,,,,,,,,,The question contains a valid premise. The most recent player to win both the PDC World Youth Championship and the PDC World Darts Championship is Luke Littler. He won the PDC World Youth Championship in 2023 and the PDC World Darts Championship in 2025.,['Luke Littler'],incorrect,evaluation: incorrect
169,169,TEST,How many asteroids have been discovered before impacting Earth?,2024,occasionally,False,one-hop,slow-changing,https://en.wikipedia.org/wiki/Asteroid_impact_prediction#List_of_successfully_predicted_asteroid_impacts,11,eleven,,,,,,,,,,"The question contains a valid premise. As of today, November 15, 2025, nine asteroids have been discovered before impacting Earth.","['11', 'eleven']",incorrect,evaluation: incorrect
170,170,TEST,Which country is the most recent member state of the Schengen Area?,2024,occasionally,False,one-hop,slow-changing,https://en.wikipedia.org/wiki/Schengen_Area#:~:text=Romania%20and%20Bulgaria%20are%20the%20newest%20members%20of%20the%20Schengen%20Area,Bulgaria and Romania,Bulgaria,Romania,,,,,,,,,"The question contains a valid premise. As of today, November 15, 2025, the most recent member states of the Schengen Area are Bulgaria and Romania, which joined on January 1, 2025.","['Bulgaria and Romania', 'Bulgaria', 'Romania']",correct,evaluation: correct
171,171,TEST,What is Greg Egan's latest novel?,2024,occasionally,False,one-hop,slow-changing,https://en.wikipedia.org/wiki/Greg_Egan#Novels:~:text=Morphotrophic%20(2024),Morphotrophic,,,,,,,,,,,"As of today November 15, 2025, the most up-to-date and relevant information regarding this query is as follows. Greg Egan's latest novel is ""Morphotrophic,"" released in 2024.",['Morphotrophic'],correct,evaluation: correct
172,172,TEST,Who is the current Prime Minister of the United Kingdom?,2024,occasionally,False,one-hop,slow-changing,https://en.wikipedia.org/wiki/Prime_Minister_of_the_United_Kingdom#:~:text=Incumbent%0AKeir%20Starmer,Keir Starmer,Sir Keir Rodney Starmer,,,,,,,,,,"As of today, November 15, 2025, the current Prime Minister of the United Kingdom is Keir Starmer.","['Keir Starmer', 'Sir Keir Rodney Starmer']",correct,evaluation: correct
173,173,TEST,Who is the most recent former Prime Minister of the United Kingdom?,2024,occasionally,False,one-hop,slow-changing,"https://en.wikipedia.org/wiki/List_of_prime_ministers_of_the_United_Kingdom#:~:text=Rishi%20Sunak,year%2C%20255%C2%A0days",Rishi Sunak,,,,,,,,,,,"The question contains a valid premise. As of today, November 15, 2025, the most recent former Prime Minister of the United Kingdom is Rishi Sunak, who served from October 2022 to July 2024.",['Rishi Sunak'],correct,evaluation: correct
174,174,TEST,Who is the highest-paid athlete in the world?,2024,occasionally,False,one-hop,slow-changing,https://en.wikipedia.org/wiki/Forbes_list_of_the_world%27s_highest-paid_athletes#2025_list,Cristiano Ronaldo,Ronaldo,CR7,Cristiano Ronaldo dos Santos Aveiro,,,,,,,,"As of today, November 15, 2025, the most up-to-date and relevant information regarding this query is as follows. Cristiano Ronaldo is the highest-paid athlete in the world.","['Cristiano Ronaldo', 'Ronaldo', 'CR7', 'Cristiano Ronaldo dos Santos Aveiro']",correct,evaluation: correct
175,175,TEST,What is the most recent outbreak declared as a public health emergency of international concern by WHO?,2024,occasionally,False,one-hop,slow-changing,"https://en.wikipedia.org/wiki/Public_health_emergency_of_international_concern#:~:text=%5B9%5D-,Clade%20I%20mpox,-(2024%E2%80%93present)",Clade I mpox,Mpox,mpox outbreak,Monkeypox,monkeypox outbreak,,,,,,,"The question contains a valid premise. As of today, November 15, 2025, the most recent outbreak declared as a public health emergency of international concern by the World Health Organization (WHO) is the mpox outbreak, declared on August 14, 2024.","['Clade I mpox', 'Mpox', 'mpox outbreak', 'Monkeypox', 'monkeypox outbreak']",correct,evaluation: correct
176,176,TEST,How much does Costco Executive membership cost annually?,2024,occasionally,False,one-hop,slow-changing,https://customerservice.costco.com/app/answers/answer_view/a_id/857#:~:text=%24130.00%20Annual%20membership%20fee%20(%2465%20membership%20fee%2C%20plus%20%2465%20upgrade%20fee)*,$130,,,,,,,,,,,"The question contains a valid premise. As of the most recent information, a Costco Executive membership costs $130 annually.",['$130'],correct,evaluation: correct
177,177,TEST,What is the name of the world's fastest supercomputer?,2024,occasionally,False,one-hop,slow-changing,"https://en.wikipedia.org/wiki/TOP500#TOP_500:~:text=Operating%0Asystem-,1,El%20Capitan,-HPE%20Cray%20EX255a",El Capitan,Hewlett Packard Enterprise El Capitan,,,,,,,,,,"As of today, November 15, 2025, the most up-to-date and relevant information regarding this query is as follows. The world's fastest supercomputer is named El Capitan.","['El Capitan', 'Hewlett Packard Enterprise El Capitan']",correct,evaluation: correct
178,178,TEST,On what date did Kendrick Lamar release his most recent studio album?,2024,occasionally,False,one-hop,slow-changing,"https://en.wikipedia.org/wiki/Kendrick_Lamar#Discography:~:text=Steppers%20(2022)-,GNX%20(2024),-Filmography
https://en.wikipedia.org/wiki/GNX_(album)#:~:text=by%20Kendrick%20Lamar-,Released,November%C2%A022%2C%C2%A02024,-Recorded","Nov 22, 2024","November 22, 2024",22 Nov 2024,22 November 2024,11/22/2024,11-22-2024,22/11/2024,22-11-2024,2024/11/22,2024-11-22,,"As of today November 15, 2025, the most up-to-date and relevant information regarding this query is as follows. Kendrick Lamar released his most recent studio album, ""GNX,"" on November 22, 2024.","['Nov 22, 2024', 'November 22, 2024', '22 Nov 2024', '22 November 2024', '11/22/2024', '11-22-2024', '22/11/2024', '22-11-2024', '2024/11/22', '2024-11-22']",correct,evaluation: correct
179,179,TEST,Where were the Summer Olympics held most recently?,2024,08/11/2028,False,one-hop,slow-changing,"https://en.wikipedia.org/wiki/Summer_Olympic_Games#:~:text=2024%5B97,Paris","Paris, France",France,,,,,,,,,,"The question contains a valid premise. The most recent Summer Olympics were held in Paris, France, in 2024.","['Paris, France', 'France']",correct,evaluation: correct
180,180,TEST,In which year was the last UEFA European Championship was held?,2024,01/01/2028,False,one-hop,slow-changing,"https://en.wikipedia.org/wiki/UEFA_European_Championship#:~:text=24-,17,2024,-Germany",2024,,,,,,,,,,,"As of today November 15, 2025, the most up-to-date and relevant information regarding this query is as follows. The last UEFA European Championship was held in 2024.",['2024'],correct,evaluation: correct
181,181,TEST,When is the next leap year?,2024,01/01/2028,False,one-hop,slow-changing,https://www.cbsnews.com/news/2024-leap-year-status-meaning/#:~:text=After%20that%2C%20expect%20leap%20years%20in%202028,2028,,,,,,,,,,,"The question contains a valid premise. As of today, November 15, 2025, the next leap year will be 2028.",['2028'],correct,evaluation: correct
182,182,TEST,What's the latest major version of the .NET?,2024,11/01/2025,False,one-hop,slow-changing,"https://en.wikipedia.org/wiki/.NET#:~:text=3%20years-,.NET%209,-November%2012%2C%202024",.NET 9,,,,,,,,,,,"As of today, November 15, 2025, the most up-to-date and relevant information regarding this query is as follows. The latest major version of .NET is .NET 10, released in November 2025.",['.NET 9'],incorrect,evaluation: incorrect
229,229,TEST,How many public health emergency of international concern declarations have been made by WHO in the last 5 years?,2025,occasionally,False,multi-hop,slow-changing,https://en.wikipedia.org/wiki/Public_health_emergency_of_international_concern#Declarations,2,two,,,,,,,,,,"The question contains a valid premise. As of today, November 15, 2025, the World Health Organization (WHO) has declared two public health emergencies of international concern (PHEIC) in the last five years: the COVID-19 pandemic on January 30, 2020, and the mpox outbreak on August 14, 2024.","['2', 'two']",correct,evaluation: correct
230,230,TEST,In what country was the current World's Strongest Man born?,2025,occasionally,False,multi-hop,slow-changing,"https://en.wikipedia.org/wiki/World%27s_Strongest_Man#2020s:~:text=%2C%20South%20Carolina-,2025,Rayno%20Nel,-Tom%20Stoltman
https://en.wikipedia.org/wiki/Rayno_Nel#:~:text=Upington%2C-,South%20Africa,-Occupation",South Africa,,,,,,,,,,,"The question contains a valid premise. As of the most recent information, Rayno Nel is the current World's Strongest Man, and he was born in South Africa.",['South Africa'],correct,evaluation: correct
231,231,TEST,"How many publicly traded American companies have, at any point, had a market capitalization in excess of $3 trillion?",2025,occasionally,False,multi-hop,slow-changing,"https://en.wikipedia.org/wiki/List_of_public_corporations_by_market_capitalization#:~:text=Nvidia,%5B21%5D",4,four,,,,,,,,,,"The question contains a valid premise. As of today, November 15, 2025, the most up-to-date and relevant information indicates that three publicly traded American companies have, at some point, had a market capitalization in excess of $3 trillion: Apple, Microsoft, and Alphabet.","['4', 'four']",incorrect,evaluation: incorrect
232,232,TEST,How many federal crimes has the most recent former president of the United States been convicted of?,2025,01/01/2029,False,multi-hop,slow-changing,"https://en.wikipedia.org/wiki/Joe_Biden#:~:text=Biden%20(disambiguation).-,Joe%20Biden,-Official%20portrait%2C%202021","Joe Biden, the most recent former president of the United States, hasn't been convicted of any federal crimes.",0,zero,none,,,,,,,,"The question contains an invalid premise. The most recent former president of the United States, Donald Trump, has not been convicted of any federal crimes. He was convicted of 34 counts of falsifying business records in New York state court, which are state charges, not federal.","[""Joe Biden, the most recent former president of the United States, hasn't been convicted of any federal crimes."", '0', 'zero', 'none']",incorrect,evaluation: incorrect
233,233,TEST,Who is the spouse of the President of the United States?,2025,01/01/2029,False,multi-hop,slow-changing,https://en.wikipedia.org/wiki/First_Lady_of_the_United_States#:~:text=Current%0AMelania%20Trump,Melania Trump,Melania Knauss Trump,Melanija Knavs,,,,,,,,,"The question contains a valid premise. As of today, November 15, 2025, the spouse of the President of the United States, Donald J. Trump, is Melania Trump.","['Melania Trump', 'Melania Knauss Trump', 'Melanija Knavs']",correct,evaluation: correct
234,234,TEST,Who is the vice-chancellor of the largest university by enrollment in the world?,2024,occasionally,False,multi-hop,slow-changing,"https://en.wikipedia.org/wiki/List_of_largest_universities_and_university_networks_by_enrollment#:~:text=Ref-,1,Indira%20Gandhi%20National%20Open%20University,-New%20Delhi%2C
https://en.wikipedia.org/wiki/Indira_Gandhi_National_Open_University#:~:text=Government%20of%20India-,Vice%2DChancellor,Uma%20Kanjilal,-Visitor",Uma Kanjilal,Prof. Uma Kanjilal has been appointed as the Acting Vice Chancellor of Indira Gandhi National Open University.,,,,,,,,,,"The question contains a valid premise. The largest university by enrollment in the world is the Indira Gandhi National Open University (IGNOU) in Delhi, India. The vice-chancellor of IGNOU is Harun -or- Rashid.","['Uma Kanjilal', 'Prof. Uma Kanjilal has been appointed as the Acting Vice Chancellor of Indira Gandhi National Open University.']",incorrect,evaluation: incorrect
373,373,TEST,How old is President Donald Trump?,2025,occasionally,False,one-hop,fast-changing,"https://en.wikipedia.org/wiki/Donald_Trump#:~:text=14%2C%201946%20(-,age%C2%A079,-)",79,79 years old,,,,,,,,,,"As of today, November 15, 2025, President Donald Trump is 79 years old. He was born on June 14, 1946.","['79', '79 years old']",correct,evaluation: correct
374,374,TEST,Who was the winner of The Voice US this year?,2025,frequently,False,one-hop,fast-changing,"https://en.wikipedia.org/wiki/The_Voice_(American_TV_series)#:~:text=27-,Adam%20David,-Jaelen%20Johnston",Adam David,,,,,,,,,,,"As of today November 15, 2025, the most up-to-date and relevant information regarding this query is as follows. The winner of The Voice US this year, 2025, was Adam David, who won Season 27.",['Adam David'],correct,evaluation: correct
375,375,TEST,How many countries have recognized same-sex marriage?,2025,frequently,False,one-hop,fast-changing,https://en.wikipedia.org/wiki/Same-sex_marriage#:~:text=As%20of%202025%2C%20marriage%20between%20same%2Dsex%20couples%20is%20legally%20performed%20and%20recognized%20in%2038%20countries,38 countries,38,,,,,,,,,,"The question contains a valid premise. As of today, November 15, 2025, the most up-to-date and relevant information indicates that 38 countries have recognized same-sex marriage.","['38 countries', '38']",correct,evaluation: correct
376,376,TEST,How many exoplanets have been discovered?,2025,frequently,False,one-hop,fast-changing,https://en.wikipedia.org/wiki/Lists_of_planets#:~:text=there%20are%206%2C022%20confirmed%20exoplanets,"6,022 confirmed exoplanets","6,022",,,,,,,,,,"As of today, November 15, 2025, the most up-to-date and relevant information regarding this query is as follows. Over 6,000 exoplanets have been confirmed.","['6,022 confirmed exoplanets', '6,022']",incorrect,evaluation: incorrect
377,377,TEST,How many goals has Erling Haaland scored in the UEFA Champion League?,2025,frequently,False,one-hop,fast-changing,https://www.uefa.com/uefachampionsleague/news/0268-11f9321e7599-fde3dd4a7bd0-1000--erling-haaland-in-the-champions-league-scoring-record-opponents/#:~:text=Erling%20Haaland%20has%20scored%2053%20goals%20in%20just%2051%20UEFA%20Champions%20League%20appearances,53 goals,53,,,,,,,,,,"The question contains a valid premise. As of the latest information available, Erling Haaland has scored 54 goals in the UEFA Champions League.","['53 goals', '53']",incorrect,evaluation: incorrect
378,378,TEST,What is the latest highest-grossing movie of the week at the Box office?,2025,frequently,False,one-hop,fast-changing,"https://www.boxofficemojo.com/weekly/?ref_=bo_nb_wly_secondarytab#:~:text=64-,Tron%3A%20Ares,-41",Tron: Ares,,,,,,,,,,,"The question contains a valid premise. As of the latest available data, the highest-grossing movie of the week at the box office is ""Predator: Badlands,"" with a gross of $40.0 million.",['Tron: Ares'],incorrect,evaluation: incorrect
379,379,TEST,How many tornadoes have been confirmed by Enhanced Fujita rating in the United States so far this year?,2025,frequently,False,one-hop,fast-changing,"https://en.wikipedia.org/wiki/Tornadoes_of_2025#:~:text=1-,1%2C292,-Fatal%20United%20States","1,292","There have been 1,292 confirmed tornadoes in the United States.",,,,,,,,,,"The question contains a valid premise. However, the specific number of tornadoes confirmed by Enhanced Fujita rating in the United States for the year 2025 is not provided in the available sources.","['1,292', 'There have been 1,292 confirmed tornadoes in the United States.']",incorrect,evaluation: incorrect
380,380,TEST,How many citations does Geoffrey Hinton have according to Google Scholar?,2025,frequently,False,one-hop,fast-changing,"https://scholar.google.com/citations?user=JicYPdAAAAAJ&hl=en#:~:text=Citations-,972453,-597125",972453,972K,,,,,,,,,,"The question contains a valid premise. As of the most recent information available, Geoffrey Hinton has reached one million citations according to Google Scholar.","['972453', '972K']",incorrect,evaluation: incorrect
381,381,TEST,What date was the last time it rained in New York City?,2025,frequently,False,one-hop,fast-changing,https://www.timeanddate.com/weather/@z-us-10021/historic,"Oct 20, 2025","October 20, 2025",20 Oct 2025,20 October 2025,10/20/2025,10-20-2025,20/10/2025,20-10-2025,2025/10/20,2025-10-20,,"The question ""What date was the last time it rained in New York City?"" does not contain a valid premise because it lacks a specific timeframe or context. Rainfall is a frequent occurrence in New York City, and without a specific date range or context, it is not possible to determine the exact last date it rained.","['Oct 20, 2025', 'October 20, 2025', '20 Oct 2025', '20 October 2025', '10/20/2025', '10-20-2025', '20/10/2025', '20-10-2025', '2025/10/20', '2025-10-20']",incorrect,evaluation: incorrect
382,382,TEST,What is the current best-selling children's book on Amazon?,2025,frequently,False,one-hop,fast-changing,"https://www.amazon.com/Best-Sellers-Children%27s-Books/zgbs/books/4#:~:text=Partypooper%3A%20A%20side,Jeff%20Kinney",Diary of a Wimpy Kid: Partypooper,,,,,,,,,,,"The question ""What is the current best-selling children's book on Amazon?"" does not contain a valid premise because it requires real-time data, which I cannot access. Please check Amazon's website for the most up-to-date information.",['Diary of a Wimpy Kid: Partypooper'],incorrect,evaluation: incorrect
383,383,TEST,What is the current most popular Wikipedia article of the Week?,2025,frequently,False,one-hop,fast-changing,"https://en.wikipedia.org/wiki/Wikipedia:Top_25_Report#:~:text=Notes/about-,1,Ed%20Gein,-5%2C062%2C577",Ed Gein,,,,,,,,,,,"As of today November 15, 2025, the most up-to-date and relevant information regarding this query is as follows. The current most popular Wikipedia article of the week is ""Zohran Mamdani"" with 7,556,241 views.",['Ed Gein'],incorrect,evaluation: incorrect
384,384,TEST,How much does the Netflix standard plan without ads cost in the US?,2025,frequently,False,one-hop,fast-changing,https://help.netflix.com/en/node/24926#:~:text=Standard%3A%20%2417.99%20/%20month,$17.99,$17.99 / month,$17.99 a month,$17.99 per month,,,,,,,,"The question contains a valid premise. As of today, November 15, 2025, the Netflix standard plan without ads costs $17.99 per month in the US.","['$17.99', '$17.99 / month', '$17.99 a month', '$17.99 per month']",correct,evaluation: correct
385,385,TEST,Who is the current No. 1 on the Billboard Artist 100?,2025,frequently,False,one-hop,fast-changing,"https://www.billboard.com/charts/artist-100/#:~:text=1-,Taylor%20Swift,-Taylor%20Swift",Taylor Swift,,,,,,,,,,,"As of today, November 15, 2025, the most up-to-date and relevant information regarding this query is as follows. Taylor Swift is currently No. 1 on the Billboard Artist 100.",['Taylor Swift'],correct,evaluation: correct
386,386,TEST,Who is the starting running back for the San Francisco 49ers?,2025,frequently,False,one-hop,fast-changing,"https://www.espn.com/nfl/team/depth/_/name/sf/san-francisco-49ers#:~:text=QB-,RB,-WR",Christian McCaffrey,,,,,,,,,,,"The question contains a valid premise. As of the most recent information available, Christian McCaffrey is the starting running back for the San Francisco 49ers.",['Christian McCaffrey'],correct,evaluation: correct
387,387,TEST,What's the most popular film on Letterboxd this week?,2025,frequently,False,one-hop,fast-changing,https://letterboxd.com/films/popular/this/week/,Black Phone 2,Black Phone 2 directed by Scott Derrickson,,,,,,,,,,"The question contains a valid premise. As of this week, the most popular film on Letterboxd is ""Frankenstein (2025).""","['Black Phone 2', 'Black Phone 2 directed by Scott Derrickson']",incorrect,evaluation: incorrect
388,388,TEST,What is Geoff Hinton’s h-index?,2025,frequently,False,one-hop,fast-changing,"https://scholar.google.co.uk/citations?user=JicYPdAAAAAJ&hl=en#:~:text=h%2Dindex-,191,-134",191,,,,,,,,,,,"The question contains a valid premise. As of the latest available information, Geoffrey Hinton's h-index is reported to be 192 according to his Google Scholar profile.",['191'],incorrect,evaluation: incorrect
389,389,TEST,What is the base price of the new Tesla Model Y Long Range All-Wheel Drive?,2025,frequently,False,one-hop,fast-changing,https://www.tesla.com/modely/design#overview,"$48,990",,,,,,,,,,,"The question contains a valid premise. As of the most recent information, the base price of the new Tesla Model Y Long Range All-Wheel Drive is $84,990.","['$48,990']",incorrect,evaluation: incorrect
390,390,TEST,Who is the most recent NBA player to score 60 or more points in a single game?,2025,frequently,False,one-hop,fast-changing,"https://en.wikipedia.org/wiki/List_of_NBA_single-game_scoring_leaders#:~:text=Nikola%20Joki%C4%87%5E,April%201%2C%202025",Nikola Jokić,,,,,,,,,,,"The question contains a valid premise. As of today, November 15, 2025, the most recent NBA player to score 60 or more points in a single game is Nikola Jokić, who scored 61 points against the Timberwolves on April 1, 2025.",['Nikola Jokić'],correct,evaluation: correct
391,391,TEST,Who is the latest winner of The Voice US?,2025,frequently,False,one-hop,fast-changing,"https://en.wikipedia.org/wiki/The_Voice_(American_TV_series)#:~:text=27-,Adam%20David,-Jaelen%20Johnston",Adam David,,,,,,,,,,,"As of today November 15, 2025, the most up-to-date and relevant information regarding this query is as follows. The latest winner of The Voice US is Adam David, who won Season 27.",['Adam David'],correct,evaluation: correct
392,392,TEST,How many goals did Kylian Mbappé score in the UEFA Champion League last season?,2025,frequently,False,one-hop,fast-changing,"https://www.transfermarkt.us/kylian-mbappe/detaillierteleistungsdaten/spieler/342229#:~:text=14-,7,-1",7 goals,7,seven goals,seven,,,,,,,,"The question contains a valid premise. However, the specific number of goals Kylian Mbappé scored in the UEFA Champions League last season is not provided in the available information.","['7 goals', '7', 'seven goals', 'seven']",incorrect,evaluation: incorrect
393,393,TEST,What is the latest version of Android?,2025,frequently,False,one-hop,fast-changing,"https://en.wikipedia.org/wiki/Android_version_history#:~:text=September%203%2C%202024-,Android%2016,16,-36",Android 16,,,,,,,,,,,"As of today, November 15, 2025, the most up-to-date and relevant information regarding this query is as follows. The latest version of Android is Android 16, which was released on June 10, 2025.",['Android 16'],correct,evaluation: correct
394,394,TEST,What book won the latest Nebula award for Best Novel?,2025,frequently,False,one-hop,fast-changing,"https://en.wikipedia.org/wiki/Nebula_Award_for_Best_Novel#Winners_and_nominees:~:text=John%20Wiswell*-,Someone%20You%20Can%20Build%20a%20Nest%20In,-DAW%20Books%2C",Someone You Can Build a Nest In,,,,,,,,,,,"As of today November 15, 2025, the most up-to-date and relevant information regarding this query is as follows. The latest Nebula Award for Best Novel was won by ""Someone You Can Build a Nest In"" by John Wiswell.",['Someone You Can Build a Nest In'],correct,evaluation: correct
395,395,TEST,Which game won the Spiel des Jahres award most recently?,2025,frequently,False,one-hop,fast-changing,"https://en.wikipedia.org/wiki/Spiel_des_Jahres#All_winners:~:text=Result-,Bomb%20Busters,-Hisashi%20Hayashi",Bomb Busters,,,,,,,,,,,"As of today November 15, 2025, the most up-to-date and relevant information regarding this query is as follows. The most recent winner of the Spiel des Jahres award is ""Bomb Busters"" by Hisashi Hayashi, which won in 2025.",['Bomb Busters'],correct,evaluation: correct
396,396,TEST,When was Coldplay's last concert?,2025,frequently,False,one-hop,fast-changing,https://www.concertarchives.org/bands/coldplay,"Sep 12, 2025","September 12, 2025",12 Sep 2025,12 September 2025,09/12/2025,09-12-2025,12/09/2025,12-09-2025,2025/09/12,2025-09-12,,"As of today November 15, 2025, the most up-to-date and relevant information regarding this query is as follows. Coldplay's last concert took place on September 12, 2025, at Wembley Stadium in London, marking the end of their Music of the Spheres World Tour.","['Sep 12, 2025', 'September 12, 2025', '12 Sep 2025', '12 September 2025', '09/12/2025', '09-12-2025', '12/09/2025', '12-09-2025', '2025/09/12', '2025-09-12']",correct,evaluation: correct
397,397,TEST,Who is the richest man on earth?,2025,frequently,False,one-hop,fast-changing,"https://www.forbes.com/real-time-billionaires/#14313b8a3d78:~:text=1,Elon%20Musk",Elon Musk,Elon Reeve Musk,,,,,,,,,,"As of today, November 15, 2025, the most up-to-date and relevant information regarding this query is as follows. Elon Musk is currently the richest man on earth, with a net worth of approximately $491.4 billion.","['Elon Musk', 'Elon Reeve Musk']",correct,evaluation: correct
398,398,TEST,Which team is at the top of the latest Premier League season?,2025,frequently,False,one-hop,fast-changing,https://en.wikipedia.org/wiki/2025%E2%80%9326_Premier_League#League_table,Arsenal,Arsenal F.C.,,,,,,,,,,"As of today, November 15, 2025, the most up-to-date and relevant information regarding this query is as follows. Arsenal is at the top of the latest Premier League season.","['Arsenal', 'Arsenal F.C.']",correct,evaluation: correct
399,399,TEST,Is Arsenal on the top of the latest Premier League standings?,2025,frequently,False,one-hop,fast-changing,https://en.wikipedia.org/wiki/2025%E2%80%9326_Premier_League#League_table,Yes,,,,,,,,,,,"The question contains a valid premise. As of the latest information available, Arsenal is at the top of the Premier League standings.",['Yes'],correct,evaluation: correct
400,400,TEST,Who was the most recent incumbent president worldwide who ran for re-election but was not reelected?,2025,frequently,False,one-hop,fast-changing,"https://en.wikipedia.org/wiki/List_of_presidents_who_did_not_win_reelection#:~:text=2020%E2%80%932025-,Lazarus%20Chakwera,-Malawi",Lazarus Chakwera,,,,,,,,,,,"The question contains a valid premise. As of today, November 15, 2025, the most recent incumbent president worldwide who ran for re-election but was not reelected is Joe Biden. He ran for re-election in the 2024 U.S. presidential election but was not re-nominated by his party.",['Lazarus Chakwera'],incorrect,evaluation: incorrect
401,401,TEST,Who is the current ATP top-ranked men's singles tennis player?,2025,frequently,False,one-hop,fast-changing,https://en.wikipedia.org/wiki/List_of_ATP_number_1_ranked_singles_tennis_players#:~:text=Carlos%20Alcaraz%2C%20the%20current%20men%27s%20singles%20world%20No.%201,Carlos Alcaraz,Alcaraz,Carlos Alcaraz Garfia,,,,,,,,,"The question contains a valid premise. As of today, November 15, 2025, the current ATP top-ranked men's singles tennis player is Carlos Alcaraz.","['Carlos Alcaraz', 'Alcaraz', 'Carlos Alcaraz Garfia']",correct,evaluation: correct
402,402,TEST,What is the release name of the latest version of the macOS operating system?,2025,frequently,False,one-hop,fast-changing,"https://en.wikipedia.org/wiki/MacOS_version_history#:~:text=15.7.1-,macOS%2026,Tahoe,-25",Tahoe,macOS 26 Tahoe,,,,,,,,,,"The question contains a valid premise. As of today, November 15, 2025, the latest version of the macOS operating system is named macOS Tahoe.","['Tahoe', 'macOS 26 Tahoe']",correct,evaluation: correct
403,403,TEST,Who is the latest MotoGP World Riders' Champion?,2025,frequently,False,one-hop,fast-changing,"https://en.wikipedia.org/wiki/List_of_Grand_Prix_motorcycle_racing_World_Riders%27_Champions_by_year#:~:text=2025,(Ducati)",Marc Márquez,Marc Márquez Alentà,,,,,,,,,,"As of today, November 15, 2025, the most up-to-date and relevant information regarding this query is as follows. Marc Márquez is the latest MotoGP World Riders' Champion, having won the 2025 championship.","['Marc Márquez', 'Marc Márquez Alentà']",correct,evaluation: correct
404,404,TEST,Who won the latest Nobel Prize in Literature?,2025,frequently,False,one-hop,fast-changing,"https://www.nobelprize.org/prizes/literature/#:~:text=Nobel%20Prize%20in%20Literature%202025,L%C3%A1szl%C3%B3%20Krasznahorkai",László Krasznahorkai,,,,,,,,,,,"As of today November 15, 2025, the most up-to-date and relevant information regarding this query is as follows. The latest Nobel Prize in Literature was awarded to the Hungarian author László Krasznahorkai in 2025.",['László Krasznahorkai'],correct,evaluation: correct
405,405,TEST,How many undergraduate students enrolled in Reed College in the most recent fall semester?,2025,09/01/2026,False,one-hop,fast-changing,"https://www.reed.edu/ir/enrollment.html#:~:text=275%20(22%25)-,1267,-Graduate",1267,,,,,,,,,,,"The question contains a valid premise. As of the most recent fall semester in 2025, Reed College had 1,267 undergraduate students enrolled.",['1267'],correct,evaluation: correct
406,406,TEST,When did the latest NFL season begin?,2025,09/01/2026,False,one-hop,fast-changing,https://en.wikipedia.org/wiki/2025_NFL_season#:~:text=The%20regular%20season%20began%20on%20September%204%2C%202025,"Sep 4, 2025","September 4, 2025",4 Sep 2025,4 September 2025,09/4/2025,09-4-2025,4/09/2025,4-09-2025,2025/09/4,2025-09-4,,"As of today November 15, 2025, the most up-to-date and relevant information regarding this query is as follows. The latest NFL season began on September 4, 2025.","['Sep 4, 2025', 'September 4, 2025', '4 Sep 2025', '4 September 2025', '09/4/2025', '09-4-2025', '4/09/2025', '4-09-2025', '2025/09/4', '2025-09-4']",correct,evaluation: correct
407,407,TEST,The longest winning streak in the last season of the Premier League consisted of how many matches?,2025,05/24/2026,False,one-hop,fast-changing,"https://en.wikipedia.org/wiki/2024%E2%80%9325_Premier_League#:~:text=22%20December%202024)-,Longest%20winning%20run,-6%20matches%0ANewcastle",6,6 matches,,,,,,,,,,"The question does not contain a valid premise as it does not specify which season is being referred to as ""the last season."" Therefore, I cannot provide an accurate answer without additional context.","['6', '6 matches']",incorrect,evaluation: incorrect
408,408,TEST,Who won the most recent Super Bowl?,2025,02/09/2026,False,one-hop,fast-changing,"https://en.wikipedia.org/wiki/List_of_Super_Bowl_champions#Super_Bowl_championship_(1966%E2%80%93present):~:text=(2024)-,Philadelphia%20Eagles,-N%0A(5%2C",Philadelphia Eagles,,,,,,,,,,,"As of today, November 15, 2025, the most recent Super Bowl was Super Bowl LIX, which took place on February 9, 2025. The Philadelphia Eagles won, defeating the Kansas City Chiefs with a score of 40-22.",['Philadelphia Eagles'],correct,evaluation: correct
409,409,TEST,On what date did the Patriots last play the Miami Dolphins?,2025,01/03/2026,False,one-hop,fast-changing,"https://en.wikipedia.org/wiki/Dolphins%E2%80%93Patriots_rivalry#:~:text=Latest%20meeting-,September%2014%2C%202025,-Patriots%2033%2C%20Dolphins","Sep 14, 2025","September 14, 2025",14 Sep 2025,14 September 2025,09/14/2025,09-14-2025,14/09/2025,14-09-2025,2025/09/14,2025-09-14,,"The question contains a valid premise. The New England Patriots last played the Miami Dolphins on September 14, 2025.","['Sep 14, 2025', 'September 14, 2025', '14 Sep 2025', '14 September 2025', '09/14/2025', '09-14-2025', '14/09/2025', '14-09-2025', '2025/09/14', '2025-09-14']",correct,evaluation: correct
410,410,TEST,Who was the winner of American Idol this year?,2025,01/01/2026,False,one-hop,fast-changing,"https://en.wikipedia.org/wiki/American_Idol#:~:text=May%C2%A018%2C%C2%A02025-,Jamal%20Roberts,-John%20Foster",Jamal Roberts,,,,,,,,,,,"As of today November 15, 2025, the most up-to-date and relevant information regarding this query is as follows. The winner of American Idol in 2025 was Jamal Roberts.",['Jamal Roberts'],correct,evaluation: correct
411,411,TEST,Where will NeurIPS be located this year?,2025,01/01/2026,False,one-hop,fast-changing,"https://nips.cc/Conferences/FutureMeetings#:~:text=2025%20%E2%80%93-,San%20Diego,-Convention%20Center%C2%A0",San Diego,"San Diego, California","San Diego, California, USA",California,"California, USA",the USA,USA,the United States,United States,U.S.,,"As of today November 15, 2025, the most up-to-date and relevant information regarding this query is as follows. NeurIPS 2025 will be located in San Diego, CA, with additional events in Mexico City and Copenhagen.","['San Diego', 'San Diego, California', 'San Diego, California, USA', 'California', 'California, USA', 'the USA', 'USA', 'the United States', 'United States', 'U.S.']",correct,evaluation: correct
412,412,TEST,What were this year's Coachella festival dates?,2025,01/01/2026,False,one-hop,fast-changing,"https://en.wikipedia.org/wiki/Coachella#Festival_summary_by_year:~:text=2025-,April%2011%E2%80%9313April%2018%E2%80%9320,-Lady%20GagaGreen",April 11–13 and April 18–20,,,,,,,,,,,"The question ""What were this year's Coachella festival dates?"" does not contain a valid premise because it is currently November 15, 2025, and the information provided refers to the 2026 Coachella festival dates, which are April 10-12 and April 17-19, 2026. Therefore, the question is asking about a future event, not one that has already occurred this year.",['April 11–13 and April 18–20'],incorrect,evaluation: incorrect
413,413,TEST,When is this year's Black Friday?,2025,01/01/2026,False,one-hop,fast-changing,"https://en.wikipedia.org/wiki/Black_Friday_(shopping)#:~:text=2025%C2%A0date,November%2028",November 28,"Nov 28, 2025","November 28, 2025",28 Nov 2025,28 November 2025,11/28/2025,11-28-2025,28/11/2025,28-11-2025,2025/11/28,,"The question contains a valid premise. As of today, November 15, 2025, this year's Black Friday is on November 28, 2025.","['November 28', 'Nov 28, 2025', 'November 28, 2025', '28 Nov 2025', '28 November 2025', '11/28/2025', '11-28-2025', '28/11/2025', '28-11-2025', '2025/11/28']",correct,evaluation: correct
414,414,TEST,When did this year's Passover start?,2025,01/01/2026,False,one-hop,fast-changing,"https://en.wikipedia.org/wiki/Passover#:~:text=2025%C2%A0date,April%20(8%20days)",April 12,"Apr 12, 2025","April 12, 2025",12 Apr 2025,12 April 2025,04/12/2025,04-12-2025,12/04/2025,12-04-2025,2025/04/12,,"The question contains a valid premise. This year's Passover began at sundown on Saturday, April 12, 2025.","['April 12', 'Apr 12, 2025', 'April 12, 2025', '12 Apr 2025', '12 April 2025', '04/12/2025', '04-12-2025', '12/04/2025', '12-04-2025', '2025/04/12']",correct,evaluation: correct
415,415,TEST,Who were the finalists in the US Open women's singles last year?,2025,01/01/2026,False,one-hop,fast-changing,"https://en.wikipedia.org/wiki/2024_US_Open_%E2%80%93_Women%27s_singles#:~:text=Final-,Champion,Jessica%20Pegula,-Score",Aryna Sabalenka and Jessica Pegula,Aryna Siarhiejeŭna Sabalenka and Jessica Pegula,Sabalenka and Pegula,Jessica Pegula and Aryna Sabalenka,Jessica Pegula and Aryna Siarhiejeŭna Sabalenka,Pegula and Sabalenka,,,,,,"The question contains a valid premise. The finalists in the US Open women's singles last year, 2024, were Aryna Sabalenka and Amanda Anisimova.","['Aryna Sabalenka and Jessica Pegula', 'Aryna Siarhiejeŭna Sabalenka and Jessica Pegula', 'Sabalenka and Pegula', 'Jessica Pegula and Aryna Sabalenka', 'Jessica Pegula and Aryna Siarhiejeŭna Sabalenka', 'Pegula and Sabalenka']",incorrect,evaluation: incorrect
416,416,TEST,How many papers (including both long and short papers) were accepted into the main conference of ACL last year?,2025,01/01/2026,False,one-hop,fast-changing,https://aclanthology.org/2024.acl-long.0.pdf#page=9,940 papers were accepted into the main conference.,,,,,,,,,,,"The question contains a valid premise. As of today, November 15, 2025, the most up-to-date and relevant information regarding this query is as follows. In 2024, 701 papers (including both long and short papers) were accepted into the main conference of ACL.",['940 papers were accepted into the main conference.'],incorrect,evaluation: incorrect
417,417,TEST,What date was mother's day in the United States this year?,2025,01/01/2026,False,one-hop,fast-changing,"https://en.wikipedia.org/wiki/Mother%27s_Day_(United_States)#History:~:text=2025%C2%A0date,May%2011","Sunday, May 11","May 11, 2025","May 11, 2025",11 May 2025,11 May 2025,05/11/2025,05-11-2025,11/05/2025,11-05-2025,2025/05/11,,"The question contains a valid premise. As of today, November 15, 2025, Mother's Day in the United States this year was on May 11, 2025.","['Sunday, May 11', 'May 11, 2025', 'May 11, 2025', '11 May 2025', '11 May 2025', '05/11/2025', '05-11-2025', '11/05/2025', '11-05-2025', '2025/05/11']",correct,evaluation: correct
418,418,TEST,What date was father's day in the United States this year?,2025,01/01/2026,False,one-hop,fast-changing,"https://en.wikipedia.org/wiki/Father%27s_Day_(United_States)#:~:text=2025%C2%A0date,June%2015","Sunday, June 15","Jun 15, 2025","June 15, 2025",15 Jun 2025,15 June 2025,06/15/2025,06-15-2025,15/06/2025,15-06-2025,2025/06/15,,"The question contains a valid premise. Father's Day in the United States this year, 2025, was on Sunday, June 15.","['Sunday, June 15', 'Jun 15, 2025', 'June 15, 2025', '15 Jun 2025', '15 June 2025', '06/15/2025', '06-15-2025', '15/06/2025', '15-06-2025', '2025/06/15']",correct,evaluation: correct
419,419,TEST,Where is EMNLP this year? ,2025,01/01/2026,False,one-hop,fast-changing,https://2025.emnlp.org/#:~:text=EMNLP%202025%20will%20be%20held%20in%20Suzhou%2C%20China,"Suzhou, China",China,,,,,,,,,,"The question contains a valid premise. As of today, November 15, 2025, EMNLP 2025 is being held in Suzhou, China, from November 4th to November 9th, 2025.","['Suzhou, China', 'China']",correct,evaluation: correct
420,420,TEST,Which broadcast network was this year's Super Bowl broadcaster?,2025,01/01/2026,False,one-hop,fast-changing,"https://en.wikipedia.org/wiki/List_of_Super_Bowl_broadcasters#:~:text=%E2%80%94-,LIX,Tubi,-LX",Fox and Tubi,Tubi and Fox,,,,,,,,,,"As of today November 15, 2025, the most up-to-date and relevant information regarding this query is as follows. The 2025 Super Bowl, Super Bowl LIX, was broadcast by FOX.","['Fox and Tubi', 'Tubi and Fox']",incorrect,evaluation: incorrect
421,421,TEST,What was the highest-grossing film in the United States last year?,2025,01/01/2026,False,one-hop,fast-changing,"https://en.wikipedia.org/wiki/List_of_highest-grossing_films_in_the_United_States_by_year#:~:text=2024,Inside%20Out%202",Inside Out 2,,,,,,,,,,,"The question contains a valid premise. As of today, November 15, 2025, the most up-to-date and relevant information regarding this query is as follows. The highest-grossing film in the United States last year, 2024, was ""Ne Zha 2,"" which grossed $1,902,337,333 worldwide.",['Inside Out 2'],incorrect,evaluation: incorrect
422,422,TEST,What Berber year corresponds to the present year?,2025,01/01/2026,False,one-hop,fast-changing,https://en.wikipedia.org/wiki/Berber_calendar#:~:text=For%20example%2C%20the%20Gregorian%20year%202025%20corresponds%20to%20the%202975th%20year%20of%20the%20Berber%20calendar.,2975,,,,,,,,,,,"As of today, November 15, 2025, the present year corresponds to the Berber year 2975.",['2975'],correct,evaluation: correct
423,423,TEST,When was this year's Ramadan?,2025,01/01/2026,False,one-hop,fast-changing,"https://en.wikipedia.org/wiki/Ramadan#:~:text=1%20March%202025,29%20March%202025","Feb 28, 2025 – Mar 29, 2025","February 28, 2025 – March 29, 2025","Mar 1, 2025 – Mar 29, 2025","March 1, 2025 – March 29, 2025",,,,,,,,"The question contains a valid premise. This year's Ramadan in 2025 began at sundown on Friday, February 28, and ended at sundown on Sunday, March 30.","['Feb 28, 2025 – Mar 29, 2025', 'February 28, 2025 – March 29, 2025', 'Mar 1, 2025 – Mar 29, 2025', 'March 1, 2025 – March 29, 2025']",incorrect,evaluation: incorrect
424,424,TEST,What date is Thanksgiving this year?,2025,01/01/2026,False,one-hop,fast-changing,"https://en.wikipedia.org/wiki/Thanksgiving_(United_States)#:~:text=2025%C2%A0date,November%2027",November 27,"Nov 27, 2025","November 27, 2025",27 Nov 2025,27 November 2025,11/27/2025,11-27-2025,27/11/2025,27-11-2025,2025/11/27,,"As of today, November 15, 2025, the most up-to-date and relevant information regarding this query is as follows. Thanksgiving in the United States will be celebrated on Thursday, November 27, 2025.","['November 27', 'Nov 27, 2025', 'November 27, 2025', '27 Nov 2025', '27 November 2025', '11/27/2025', '11-27-2025', '27/11/2025', '27-11-2025', '2025/11/27']",correct,evaluation: correct
425,425,TEST,What date was this year's Labor day?,2025,01/01/2026,False,one-hop,fast-changing,"https://en.wikipedia.org/wiki/Labor_Day#:~:text=2025%C2%A0date,September%201",September 1,"Sep 1, 2025","September 1, 2025",1 Sep 2025,1 September 2025,09/1/2025,09-1-2025,1/09/2025,1-09-2025,2025/09/1,,"The question contains a valid premise. As of today, November 15, 2025, this year's Labor Day was on Monday, September 1, 2025.","['September 1', 'Sep 1, 2025', 'September 1, 2025', '1 Sep 2025', '1 September 2025', '09/1/2025', '09-1-2025', '1/09/2025', '1-09-2025', '2025/09/1']",correct,evaluation: correct
426,426,TEST,What was the host stadium of this year's Super Bowl?,2025,01/01/2026,False,one-hop,fast-changing,"https://en.wikipedia.org/wiki/Super_Bowl#:~:text=Years%20hosted-,Caesars%20Superdome,-New%20Orleans%2C%20Louisiana",Caesars Superdome,"Allegiant Stadium, Paradise, Nevada",,,,,,,,,,"The question contains an invalid premise as it does not specify the year in question. However, based on the most recent information available, Super Bowl LX, which will take place in 2026, is set to be hosted at Levi's Stadium in Santa Clara, California.","['Caesars Superdome', 'Allegiant Stadium, Paradise, Nevada']",incorrect,evaluation: incorrect
427,427,TEST,On what date was last year's State of the Union Address delivered?,2025,01/01/2026,False,one-hop,fast-changing,"https://en.wikipedia.org/wiki/State_of_the_Union#:~:text=TBA-,2024%2D03%2D07,-Joe%20Biden","Mar 7, 2024","March 7, 2024",7 Mar 2024,7 March 2024,03/7/2024,03-7-2024,7/03/2024,7-03-2024,2024/03/7,2024-03-7,,"The question contains a valid premise. Last year's State of the Union Address was delivered by President Joe Biden on March 7, 2024.","['Mar 7, 2024', 'March 7, 2024', '7 Mar 2024', '7 March 2024', '03/7/2024', '03-7-2024', '7/03/2024', '7-03-2024', '2024/03/7', '2024-03-7']",correct,evaluation: correct
428,428,TEST,Who won the latest Grammy Award for Best Jazz Performance?,2025,01/01/2026,False,one-hop,fast-changing,"https://en.wikipedia.org/wiki/Grammy_Award_for_Best_Jazz_Performance#:~:text=%5B14%5D-,2025,Samara%20Joy%20featuring%20Sullivan%20Fortner,-%22Twinkle%20Twinkle%20Little",Samara Joy featuring Sullivan Fortner,Samara Joy McLendon,,,,,,,,,,"The question contains a valid premise. As of today, November 15, 2025, the most up-to-date and relevant information regarding this query is as follows: Samara Joy won the latest Grammy Award for Best Jazz Performance for the song ""Twinkle Twinkle Little Me.""","['Samara Joy featuring Sullivan Fortner', 'Samara Joy McLendon']",incorrect,evaluation: incorrect
429,429,TEST,What won the latest Academy Award for Best Animated Feature?,2025,01/01/2026,False,one-hop,fast-changing,"https://en.wikipedia.org/wiki/Academy_Award_for_Best_Animated_Feature#:~:text=2024%0A(97th,Flow",Flow,,,,,,,,,,,"As of today November 15, 2025, the most up-to-date and relevant information regarding this query is as follows. The latest Academy Award for Best Animated Feature was won by ""Flow"" at the 97th Oscars.",['Flow'],correct,evaluation: correct
430,430,TEST,Which movie won the latest Academy Award for Best Picture?,2025,01/01/2026,False,one-hop,fast-changing,"https://en.wikipedia.org/wiki/Academy_Award_for_Best_Picture#2020s:~:text=2024%0A(97th),Anora",Anora,,,,,,,,,,,"As of today November 15, 2025, the most up-to-date and relevant information regarding this query is as follows. The latest Academy Award for Best Picture was won by the movie ""Anora"" at the 97th Academy Awards.",['Anora'],correct,evaluation: correct
431,431,TEST,How many novels has Stephen King published?,2025,01/01/2026,False,one-hop,fast-changing,"https://en.wikipedia.org/wiki/Stephen_King_bibliography#Novels:~:text=of%20Maine.-,Novels,-%5Bedit%5D",67 novels,67,over 65 novels,over 65,,,,,,,,"The question contains a valid premise. As of the most recent information, Stephen King has published over 70 novels.","['67 novels', '67', 'over 65 novels', 'over 65']",correct,evaluation: correct
432,432,TEST,What is the title of Stephen King's most recent novel?,2025,01/01/2026,False,one-hop,fast-changing,"https://en.wikipedia.org/wiki/Stephen_King_bibliography#Novels:~:text=2025,Never%20Flinch",Never Flinch,,,,,,,,,,,"As of today November 15, 2025, the most up-to-date and relevant information regarding this query is as follows. The title of Stephen King's most recent novel is ""Never Flinch,"" published in 2025.",['Never Flinch'],correct,evaluation: correct
433,433,TEST,Who won the latest NBA championship?,2025,01/01/2026,False,one-hop,fast-changing,"https://en.wikipedia.org/wiki/List_of_NBA_champions#Results_by_team:~:text=%5B93%5D-,2025,-Oklahoma%20City%20Thunder",Oklahoma City Thunder,,,,,,,,,,,"As of today November 15, 2025, the most up-to-date and relevant information regarding this query is as follows. The latest NBA championship was won by the Oklahoma City Thunder.",['Oklahoma City Thunder'],correct,evaluation: correct
434,434,TEST,Where will the upcoming International Mathematical Olympiad (IMO) be hosted?,2025,01/01/2026,False,one-hop,fast-changing,"https://en.wikipedia.org/wiki/International_Mathematical_Olympiad#Summary:~:text=67%C2%A0,Shanghai",Shanghai,"Shanghai, China",China,,,,,,,,,"The question contains a valid premise. The upcoming International Mathematical Olympiad (IMO) in 2025 will be hosted on the Sunshine Coast, Queensland, Australia.","['Shanghai', 'Shanghai, China', 'China']",incorrect,evaluation: incorrect
435,435,TEST,Where was the most recent IJCAI conference held?,2025,01/01/2026,False,one-hop,fast-changing,https://2025.ijcai.org/#:~:text=Montreal%2C%2016th%20%E2%80%93%2022nd%20August%2C%202025,Montreal,"Montreal, Québec, Canada","Québec, Canada",Canada,,,,,,,,"The question contains a valid premise. As of today, November 15, 2025, the most recent IJCAI conference was held in Montreal, Canada, from August 16 to August 22, 2025, and in Guangzhou, China, from August 29 to August 31, 2025.","['Montreal', 'Montreal, Québec, Canada', 'Québec, Canada', 'Canada']",correct,evaluation: correct
436,436,TEST,What season is it in the northern hemisphere?,2025,12/21/2025,False,one-hop,fast-changing,"https://education.nationalgeographic.org/resource/season/#:~:text=In%20the%20Northern,22%20or%2023.",autumn,fall,autumn equinox,,,,,,,,,"As of today, November 15, 2025, in the Northern Hemisphere, it is autumn.","['autumn', 'fall', 'autumn equinox']",correct,evaluation: correct
437,437,TEST,On what date in North America did the most recent Microsoft's Patch Tuesday come out?,2025,11/11/2025,False,one-hop,fast-changing,https://en.wikipedia.org/wiki/Patch_Tuesday#:~:text=Patch%20Tuesday%20occurs%20on%20the%20second%20Tuesday%20of%20each%20month%5B8%5D.,"Oct 14, 2025","October 14, 2025",14 Oct 2025,14 October 2025,10/14/2025,10-14-2025,14/10/2025,14-10-2025,2025/10/14,2025-10-14,,"The question contains a valid premise. The most recent Microsoft's Patch Tuesday in North America occurred on November 11, 2025.","['Oct 14, 2025', 'October 14, 2025', '14 Oct 2025', '14 October 2025', '10/14/2025', '10-14-2025', '14/10/2025', '14-10-2025', '2025/10/14', '2025-10-14']",incorrect,evaluation: incorrect
438,438,TEST,The upcoming Microsoft's Patch Tuesday will come out on what date in North America?,2025,11/11/2025,False,one-hop,fast-changing,https://en.wikipedia.org/wiki/Patch_Tuesday#:~:text=Patch%20Tuesday%20occurs%20on%20the%20second%20Tuesday%20of%20each%20month%5B8%5D.,"Nov 11, 2025","November 11, 2025",11 Nov 2025,11 November 2025,11/11/2025,11-11-2025,11/11/2025,11-11-2025,2025/11/11,2025-11-11,,"The question contains a valid premise. Microsoft's Patch Tuesday occurs on the second Tuesday of each month. The upcoming Patch Tuesday will be on December 9, 2025.","['Nov 11, 2025', 'November 11, 2025', '11 Nov 2025', '11 November 2025', '11/11/2025', '11-11-2025', '11/11/2025', '11-11-2025', '2025/11/11', '2025-11-11']",incorrect,evaluation: incorrect
439,439,TEST,When is the next U.S. federal holiday?,2025,11/11/2025,False,one-hop,fast-changing,https://www.federalpay.org/holidays#:~:text=The%20next%20federal%20holiday%20is%20Veterans%20Day.,Veterans Day,"Nov 11, 2025","November 11, 2025",11 Nov 2025,11 November 2025,11/11/2025,11-11-2025,11/11/2025,11-11-2025,2025/11/11,,"The question contains a valid premise. As of today, November 15, 2025, the next U.S. federal holiday is Thanksgiving Day, which will be observed on Thursday, November 27, 2025.","['Veterans Day', 'Nov 11, 2025', 'November 11, 2025', '11 Nov 2025', '11 November 2025', '11/11/2025', '11-11-2025', '11/11/2025', '11-11-2025', '2025/11/11']",incorrect,evaluation: incorrect
440,440,TEST,What is the most recent country that President Donald Trump visited during his second presidency?,2025,10/26/2025,False,one-hop,fast-changing,"https://en.wikipedia.org/wiki/List_of_international_presidential_trips_made_by_Donald_Trump#Second_presidency_%282025%E2%80%93present%29:~:text=%5B58%5D-,Egypt,-Sharm%20El%20Sheikh",Egypt,,,,,,,,,,,"The question contains a valid premise. As of today, November 15, 2025, the most recent country that President Donald Trump visited during his second presidency is South Korea, as part of his trip to Asia in October 2025.",['Egypt'],incorrect,evaluation: incorrect
441,441,TEST,Who was the guest of honor at the most recent state dinner hosted by the President of the United States?,2024,frequently,False,one-hop,fast-changing,"https://en.wikipedia.org/wiki/List_of_state_dinners_in_the_United_States#:~:text=May%2023%2C%202024,William%20Ruto",William Ruto,William Kipchirchir Samoei Arap Ruto,President of Kenya,,,,,,,,,"The question does not contain a valid premise. The provided sources discuss a state dinner where President Donald Trump was the guest of honor at Windsor Castle, hosted by King Charles III, rather than a state dinner hosted by the President of the United States. Therefore, there is no information about a recent state dinner hosted by the U.S. President in the sources provided.","['William Ruto', 'William Kipchirchir Samoei Arap Ruto', 'President of Kenya']",incorrect,evaluation: incorrect
442,442,TEST,What album holds the record for the most Spotify streams reached in a single day?,2024,frequently,False,one-hop,fast-changing,"https://en.wikipedia.org/wiki/List_of_Spotify_streaming_records#Most_streamed_albums_in_a_single_day:~:text=Ref.-,1,-The%20Tortured%20Poets",The Tortured Poets Department,,,,,,,,,,,"The question contains a valid premise. As of today, November 15, 2025, the most up-to-date and relevant information regarding this query is as follows. Taylor Swift's album ""The Life of a Showgirl"" holds the record for the most Spotify streams reached in a single day.",['The Tortured Poets Department'],incorrect,evaluation: incorrect
443,443,TEST,Who is the number 1 ranked female tennis player in the world?,2024,frequently,False,one-hop,fast-changing,https://en.wikipedia.org/wiki/List_of_WTA_number_1_ranked_singles_tennis_players#:~:text=Aryna%20Sabalenka%2C%20currently%20ranked%20No.%201%20in%20women%27s%20singles,Aryna Sabalenka,Aryna Siarhiejeŭna Sabalenka,,,,,,,,,,"The question contains a valid premise. As of today, November 15, 2025, Aryna Sabalenka is the number 1 ranked female tennis player in the world.","['Aryna Sabalenka', 'Aryna Siarhiejeŭna Sabalenka']",correct,evaluation: correct
444,444,TEST,Who won the most recent Time Magazine's Athlete of the Year?,2024,frequently,False,one-hop,fast-changing,"https://en.wikipedia.org/wiki/Time_Person_of_the_Year#Athlete_of_the_Year:~:text=%5B151%5D-,2024,Caitlin%20Clark,-American%20women%27s%20basketball",Caitlin Clark,Caitlin Elizabeth Clark,,,,,,,,,,"The question contains a valid premise. As of today, November 15, 2025, the most recent Time Magazine's Athlete of the Year is Caitlin Clark, who was named for the year 2024.","['Caitlin Clark', 'Caitlin Elizabeth Clark']",correct,evaluation: correct
445,445,TEST,Is Apple's stock price above $170 per share?,2024,frequently,False,one-hop,fast-changing,https://investor.apple.com/stock-price/default.aspx#:~:text=Pricing%20delayed%20by%2020%20minutes,Yes,,,,,,,,,,,"The question contains a valid premise. As of the most recent information available, Apple's stock price is above $170 per share. It was trading near $207 in April 2025 and reached a new all-time high of $264.38 in October 2025.",['Yes'],correct,evaluation: correct
446,446,TEST,What is the name of the most recent episode of The Lord of the Rings: The Rings of Power?,2024,frequently,False,one-hop,fast-changing,"https://en.wikipedia.org/wiki/The_Lord_of_the_Rings:_The_Rings_of_Power#:~:text=8-,%22Shadow%20and%20Flame%22,-Charlotte%20Br%C3%A4ndstr%C3%B6m",Shadow and Flame,,,,,,,,,,,"As of today November 15, 2025, the most up-to-date and relevant information regarding this query is as follows. The most recent episode of ""The Lord of the Rings: The Rings of Power"" is Season 2, Episode 8, titled ""Shadow and Flame,"" which aired on October 3, 2024.",['Shadow and Flame'],correct,evaluation: correct
447,447,TEST,What video game won the most recent Game Award for Game of the Year?,2024,frequently,False,one-hop,fast-changing,"https://en.wikipedia.org/wiki/The_Game_Award_for_Game_of_the_Year#Winners_and_nominees:~:text=2024-,Astro%20Bot,-%E2%80%A1",Astro Bot,,,,,,,,,,,"As of today November 15, 2025, the most up-to-date and relevant information regarding this query is as follows. The most recent Game Award for Game of the Year was won by ""Astro Bot"" by Team Asobi.",['Astro Bot'],correct,evaluation: correct
448,448,TEST,Who won the latest Ballon D'or?,2024,09/01/2026,False,one-hop,fast-changing,"https://en.wikipedia.org/wiki/Ballon_d%27Or#Winners:~:text=917-,2025,Ousmane%20Demb%C3%A9l%C3%A9,-Paris%20Saint%2DGermain",Dembélé,Ousmane Dembélé,Masour Ousmane Dembélé,,,,,,,,,"As of today November 15, 2025, the most up-to-date and relevant information regarding this query is as follows. Ousmane Dembélé won the latest Men's Ballon d'Or in 2025.","['Dembélé', 'Ousmane Dembélé', 'Masour Ousmane Dembélé']",correct,evaluation: correct
449,449,TEST,Which drama series won the most recent Primetime Emmy Award for Outstanding Drama Series?,2024,09/01/2026,False,one-hop,fast-changing,"https://en.wikipedia.org/wiki/Primetime_Emmy_Award_for_Outstanding_Drama_Series#:~:text=%5B92%5D-,The%20Pitt,-(Season%201)",The Pitt,The Pitt (Season 1),,,,,,,,,,"The question contains a valid premise. As of today, November 15, 2025, the most recent Primetime Emmy Award for Outstanding Drama Series was won by ""The Pitt.""","['The Pitt', 'The Pitt (Season 1)']",correct,evaluation: correct
450,450,TEST,Who is the latest winner of American Idol?,2024,01/01/2026,False,one-hop,fast-changing,"https://en.wikipedia.org/wiki/American_Idol#:~:text=May%C2%A018%2C%C2%A02025-,Jamal%20Roberts,-John%20Foster",Jamal Roberts,,,,,,,,,,,"The question contains a valid premise. As of today, November 15, 2025, the latest winner of American Idol is Jamal Roberts, who won the 23rd season.",['Jamal Roberts'],correct,evaluation: correct
451,451,TEST,What is the next Walt Disney Animation Studios film?,2024,11/26/2025,False,one-hop,fast-changing,"https://en.wikipedia.org/wiki/List_of_Walt_Disney_Animation_Studios_films#:~:text=Ref.-,Zootopia%202,November%2026%2C%202025,-%5B6%5D",Zootopia 2,,,,,,,,,,,"The question contains a valid premise. As of today, November 15, 2025, the next Walt Disney Animation Studios film is ""Zootopia 2,"" which is set to be released on November 26, 2025.",['Zootopia 2'],correct,evaluation: correct
452,452,TEST,What is the most recent Walt Disney Animation Studios's animated film?,2024,11/26/2025,False,one-hop,fast-changing,"https://en.wikipedia.org/wiki/List_of_Walt_Disney_Animation_Studios_films#:~:text=David%20Metzger-,Moana%202,November%2027%2C%202024,-David%20Derrick%20Jr",Moana 2,,,,,,,,,,,"The question contains a valid premise. As of today, November 15, 2025, the most recent animated film from Walt Disney Animation Studios is ""Moana 2,"" released in 2024.",['Moana 2'],correct,evaluation: correct
458,458,TEST,How many novels has Stephen King published under his real name?,2025,occasionally,False,multi-hop,fast-changing,https://en.wikipedia.org/wiki/Stephen_King_bibliography#Novels:~:text=including%20seven%20under%20the%20pen%20name%20Richard%20Bachman,60 novels,60 novels (he published 7 under the pen name Richard Bachman),60,,,,,,,,,"The question contains a valid premise. As of today, November 15, 2025, Stephen King has published 65 novels, including seven under the pen name Richard Bachman. Therefore, he has published 58 novels under his real name.","['60 novels', '60 novels (he published 7 under the pen name Richard Bachman)', '60']",incorrect,evaluation: incorrect
459,459,TEST,What is Brad Pitt's most recent movie as an actor?,2025,occasionally,False,multi-hop,fast-changing,"https://en.wikipedia.org/wiki/Brad_Pitt_filmography#Film:~:text=Documentary-,F1,-Yes",F1,,,,,,,,,,,"As of today November 15, 2025, the most up-to-date and relevant information regarding this query is as follows. Brad Pitt's most recent movie as an actor is ""F1: The Movie"" (2025).",['F1'],correct,evaluation: correct
460,460,TEST,How long has Mauna Loa been a dormant volcano since its most recent eruption?,2025,frequently,False,multi-hop,fast-changing,"https://en.wikipedia.org/wiki/Mauna_Loa#:~:text=Last%20eruption,December%2013%2C%202022
https://www.tickcounter.com/countup/322750/mauna-loas-last-eruption",more than 2 years,almost 3 years,,,,,,,,,,"The question contains a valid premise. Mauna Loa's most recent eruption occurred in 2022. As of today, November 15, 2025, Mauna Loa has been dormant for approximately 3 years.","['more than 2 years', 'almost 3 years']",correct,evaluation: correct
461,461,TEST,How many Southeast Asian countries has President Donald Trump visited during his current presidency?,2025,frequently,False,multi-hop,fast-changing,https://en.wikipedia.org/wiki/United_States_presidential_visits_to_Southeast_Asia,0,President Donald Trump hasn't visited any Southeast Asian countries during his current presidency.,,,,,,,,,,"The question contains a valid premise. As of today, November 15, 2025, during his current presidency, President Donald Trump has visited at least four Southeast Asian countries: Malaysia, Cambodia, Thailand, and Vietnam.","['0', ""President Donald Trump hasn't visited any Southeast Asian countries during his current presidency.""]",incorrect,evaluation: incorrect
462,462,TEST,Is Tesla's stock price above $250 a share?,2025,frequently,False,multi-hop,fast-changing,https://www.google.com/finance/quote/TSLA:NASDAQ,Yes,,,,,,,,,,,"The question contains a valid premise. As of the most recent information available, Tesla's stock price is above $250 per share.",['Yes'],correct,evaluation: correct
463,463,TEST,How old is the world's oldest verified living person?,2025,frequently,False,multi-hop,fast-changing,https://en.wikipedia.org/wiki/List_of_the_verified_oldest_people#:~:text=The%20oldest%20known%20living%20person%20is%20Ethel%20Caterham%20of%20the%20United%20Kingdom%2C%20aged%20116%C2%A0years,116 years old,116,,,,,,,,,,"As of today, November 15, 2025, the world's oldest verified living person is Ethel Caterham of the United Kingdom, who is 116 years old.","['116 years old', '116']",correct,evaluation: correct
464,464,TEST,In what country was the current Miss World born?,2025,frequently,False,multi-hop,fast-changing,https://en.wikipedia.org/wiki/Miss_World#:~:text=The%20current%20Miss%20World%20is%20Suchata%20Chuangsri%20of%20Thailand,Thailand,,,,,,,,,,,"The question contains a valid premise. The current Miss World, Suchata Chuangsri, was born in Thailand.",['Thailand'],correct,evaluation: correct
465,465,TEST,How many years it has been since the last Major League Baseball perfect game?,2025,frequently,False,multi-hop,fast-changing,"https://en.wikipedia.org/wiki/List_of_Major_League_Baseball_perfect_games#World_Series_era_(1903%E2%80%93present):~:text=Domingo%20Germ%C3%A1n%20(NYY,June%2028%2C%202023
https://www.tickcounter.com/countup/321717/last-mlb-perfect-game",2 years,more than 2 years,,,,,,,,,,"As of today, November 15, 2025, the most up-to-date and relevant information regarding this query is as follows. The last Major League Baseball perfect game was pitched by Domingo Germán of the New York Yankees on June 28, 2023. Thus, it has been approximately 2 years since the last perfect game.","['2 years', 'more than 2 years']",correct,evaluation: correct
466,466,TEST,How old is the richest person in the world?,2025,frequently,False,multi-hop,fast-changing,"https://www.forbes.com/real-time-billionaires/#58998bff3d78
https://en.wikipedia.org/wiki/Elon_Musk#:~:text=28%2C%201971%20(-,age%C2%A054,-)",54 years old,54,,,,,,,,,,"The question contains a valid premise. As of today, November 15, 2025, the richest person in the world is Elon Musk, who is 54 years old.","['54 years old', '54']",correct,evaluation: correct
467,467,TEST,What country does the Wimbledon women's champion play for?,2025,frequently,False,multi-hop,fast-changing,"https://en.wikipedia.org/wiki/List_of_Wimbledon_ladies%27_singles_champions#:~:text=6%2C%206%E2%80%934-,2025,Iga%20%C5%9Awi%C4%85tek,-USA",Poland,Republic of Poland,,,,,,,,,,"The question contains a valid premise. The 2025 Wimbledon women's champion, Iga Świątek, plays for Poland.","['Poland', 'Republic of Poland']",incorrect,evaluation: incorrect
468,468,TEST,In how many years will Netflix celebrate its thirtieth anniversary?,2025,frequently,False,multi-hop,fast-changing,"https://en.wikipedia.org/wiki/Netflix#:~:text=Netflix%20was%20founded%20by%20Marc%20Randolph%20and%20Reed%20Hastings%20on%20August%2029%2C%201997
https://www.tickcounter.com/countdown/3783621/netflixs-30th-birthday",more than 1 year,less than 2 years,,,,,,,,,,"As of today, November 15, 2025, Netflix was founded on August 29, 1997. Therefore, Netflix will celebrate its thirtieth anniversary in 2027, which is in 2 years.","['more than 1 year', 'less than 2 years']",incorrect,evaluation: incorrect
469,469,TEST,How many countries has President Donald Trump visited during his current presidency?,2025,frequently,False,multi-hop,fast-changing,https://en.wikipedia.org/wiki/List_of_international_presidential_trips_made_by_Donald_Trump#:~:text=Trump%20has%20made%207%20international%20trips%20to%2010%20countries%20during%20his%20second%20presidency%2C%20which%20commenced%20in%202025.,10,President Donald Trump has made 7 international trips to 10 countries during his second presidency.,,,,,,,,,,"The question contains a valid premise. As of today, November 15, 2025, President Donald Trump has visited 13 countries during his current presidency, which began on January 20, 2025.","['10', 'President Donald Trump has made 7 international trips to 10 countries during his second presidency.']",incorrect,evaluation: incorrect
470,470,TEST,In what country was the most recent winner of the Nobel Prize for Literature born?,2025,frequently,False,multi-hop,fast-changing,"https://www.nobelprize.org/prizes/literature/#:~:text=Nobel%20Prize%20in%20Literature%202025,L%C3%A1szl%C3%B3%20Krasznahorkai
https://en.wikipedia.org/wiki/L%C3%A1szl%C3%B3_Krasznahorkai#:~:text=Gyula%2C-,Hungary,-Occupation",Hungary,,,,,,,,,,,"The question contains a valid premise. The most recent winner of the Nobel Prize for Literature, as of 2025, is László Krasznahorkai, who was born in Hungary.",['Hungary'],correct,evaluation: correct
471,471,TEST,"Who are the current champions of the NBA, NHL, and MLB?",2025,11/01/2026,False,multi-hop,fast-changing,"https://www.nba.com/news/history-nba-champions
https://www.nhl.com/news/nhl-stanley-cup-champions-winners-complete-list-287705398
https://en.wikipedia.org/wiki/List_of_World_Series_champions#:~:text=Torey%20Lovullo-,2024,Los%20Angeles%20Dodgers,-(22%2C%208%E2%80%9314","Oklahoma City Thunder, Florida Panthers, and Los Angeles Dodgers",,,,,,,,,,,"As of today, November 15, 2025, the most up-to-date and relevant information regarding this query is as follows:

- NBA: The current champions are the Oklahoma City Thunder, who won the 2025 NBA Finals.
- NHL: The current champions are the Las Vegas Knights, who won the 2025 Stanley Cup.
- MLB: The current champions are the New York Yankees, who won the 2025 World Series.","['Oklahoma City Thunder, Florida Panthers, and Los Angeles Dodgers']",incorrect,evaluation: incorrect
472,472,TEST,What is the current age of the oldest person to sail solo across the Pacific Ocean?,2025,09/08/2026,False,multi-hop,fast-changing,"https://en.wikipedia.org/wiki/Kenichi_Horie#:~:text=In%202022%2C%20he%20became%20the%20oldest%20man%20to%20sail%20solo%20non%2Dstop%20across%20the%20Pacific.
https://www.google.com/search?q=Kenichi+Horie&oq=Kenichi+Horie&gs_lcrp=EgZjaHJvbWUyBggAEEUYOTIGCAEQRRg8MgYIAhBFGDzSAQc0NDNqMGo0qAIAsAIA&sourceid=chrome&ie=UTF-8#:~:text=Age-,86%20years,-Sep%208%2C%201938",87,87 years old,eighty-seven,,,,,,,,,"The question contains a valid premise. Kenichi Horie, who became the oldest person to sail solo across the Pacific Ocean at the age of 83 in 2022, is currently 86 years old as of November 15, 2025.","['87', '87 years old', 'eighty-seven']",incorrect,evaluation: incorrect
473,473,TEST,How old is the latest American Nobel laureate in Physics?,2025,07/15/2026,False,multi-hop,fast-changing,"https://en.wikipedia.org/wiki/List_of_Nobel_laureates_in_Physics#:~:text=John%20Hopfield%0A(b,American
https://en.wikipedia.org/wiki/John_Hopfield#:~:text=15%2C%201933%20(-,age%C2%A092,-)%0AChicago%2C%20Illinois",92,92 years old,ninety-two,,,,,,,,,"The question contains a valid premise. As of today, November 15, 2025, the latest American Nobel laureate in Physics is John Clarke, who was awarded the prize in 2025. However, the specific age of John Clarke is not provided in the available information.","['92', '92 years old', 'ninety-two']",incorrect,evaluation: incorrect
474,474,TEST,How old is David Beckham's daughter?,2025,07/10/2026,False,multi-hop,fast-changing,https://en.wikipedia.org/wiki/David_Beckham#:~:text=daughter%20Harper%20Seven%20(born%2010%20July%202011,14,14 years,14 years old,fourteen,,,,,,,,"As of today, November 15, 2025, David Beckham's daughter, Harper Seven Beckham, is 14 years old. She was born on July 10, 2011.","['14', '14 years', '14 years old', 'fourteen']",correct,evaluation: correct
475,475,TEST,How many years ago did John Paul II die?,2025,04/02/2026,False,multi-hop,fast-changing,"https://en.wikipedia.org/wiki/Pope_John_Paul_II#:~:text=Second%20Polish%20Republic-,Died,2%20April%202005%20(aged%C2%A084),-Apostolic%20Palace%2C%20Vatican
https://www.tickcounter.com/countup/322749/john-paul-iis-date-of-death",20,20 years,more than 20 years,,,,,,,,,"As of today, November 15, 2025, Pope John Paul II died on April 2, 2005. Therefore, he died 20 years ago.","['20', '20 years', 'more than 20 years']",correct,evaluation: correct
476,476,TEST,How long has it been since the Eiffel Tower's inauguration?,2025,03/31/2026,False,multi-hop,fast-changing,"https://en.wikipedia.org/wiki/Eiffel_Tower#:~:text=138%20years%20ago-,Completed,-31%C2%A0March%201889
https://www.tickcounter.com/countup/322751/eiffel-towers-inauguration",136,136 years,more than 136 years,,,,,,,,,"The question contains a valid premise. The Eiffel Tower was inaugurated on March 31, 1889. As of today, November 15, 2025, it has been 136 years since the Eiffel Tower's inauguration.","['136', '136 years', 'more than 136 years']",correct,evaluation: correct
477,477,TEST,How old is the most-followed user on TikTok?,2025,03/09/2026,False,multi-hop,fast-changing,"https://en.wikipedia.org/wiki/List_of_most-followed_TikTok_accounts#:~:text=Country-,1,Khaby%20Lame,-161.7
https://en.wikipedia.org/wiki/Khaby_Lame#:~:text=March%202000%20(-,age%C2%A025,-)%0ADakar%2C%20Senegal",25 years old,25,,,,,,,,,,"The question contains a valid premise. As of November 2, 2025, the most-followed user on TikTok is Khaby Lame. Khaby Lame was born on March 9, 2000, making him 25 years old.","['25 years old', '25']",correct,evaluation: correct
478,478,TEST,How old is David Beckham's oldest son?,2025,03/04/2026,False,multi-hop,fast-changing,"https://en.wikipedia.org/wiki/Brooklyn_Beckham#:~:text=March%201999%20(-,age%C2%A026,-)%0AWestminster%2C",26 years old,26,,,,,,,,,,"The question contains a valid premise. As of today, November 15, 2025, David Beckham's oldest son, Brooklyn Beckham, is 26 years old.","['26 years old', '26']",correct,evaluation: correct
479,479,TEST,How many goals did Bukayo Saka score in the most recent match between Arsenal and Liverpool?,2025,01/07/2026,False,multi-hop,fast-changing,https://www.google.com/search?q=arsenal+vs+liverpool&sxsrf=APwXEdck5S-B55R-1nlPB111zFybnmJGdg%3A1682523465326&ei=SUVJZMuwE42i5NoPjKKm0AY&ved=0ahUKEwiL-eer8Mf-AhUNEVkFHQyRCWoQ4dUDCBA&uact=5&oq=arsenal+vs+liverpool&gs_lcp=Cgxnd3Mtd2l6LXNlcnAQAzIKCAAQRxDWBBCwAzIKCAAQRxDWBBCwAzIKCAAQRxDWBBCwAzIKCAAQRxDWBBCwAzIKCAAQigUQsAMQQzIKCAAQigUQsAMQQzIKCAAQigUQsAMQQzIKCAAQigUQsAMQQzIKCAAQigUQsAMQQzIKCAAQigUQsAMQQ0oECEEYAFAAWABgpAJoAXABeACAAQCIAQCSAQCYAQDIAQrAAQE&sclient=gws-wiz-serp,0,zero,,,,,,,,,,The question does not contain a valid premise because there is no information provided about the most recent match between Arsenal and Liverpool or Bukayo Saka's performance in that match.,"['0', 'zero']",correct,evaluation: correct
480,480,TEST,When does the largest marathon in the world start this year?,2025,01/01/2026,False,multi-hop,fast-changing,"https://www.timeanddate.com/holidays/us/new-york-city-marathon#:~:text=Sporting%20Event-,2025,Sporting%20Event,-2026","Nov 2, 2025","November 2, 2025",2 Nov 2025,2 November 2025,11/2/2025,11-2-2025,2/11/2025,2-11-2025,2025/11/2,2025-11-2,,"The question contains a valid premise. As of 2025, the TCS New York City Marathon is considered the largest marathon in the world. This year, it started on Sunday, November 2, 2025.","['Nov 2, 2025', 'November 2, 2025', '2 Nov 2025', '2 November 2025', '11/2/2025', '11-2-2025', '2/11/2025', '2-11-2025', '2025/11/2', '2025-11-2']",correct,evaluation: correct
481,481,TEST,Which author had the most bestselling novels in the United States last year according to Publishers Weekly?,2025,01/01/2026,False,multi-hop,fast-changing,"https://www.publishersweekly.com/pw/by-topic/industry-news/bookselling/article/94047-women-ruled-the-2023-bestseller-list.html#:~:text=Colleen%20Hoover%2C%20who,to%20Circana%20BookScan.
https://en.wikipedia.org/wiki/Publishers_Weekly_list_of_bestselling_novels_in_the_United_States_in_the_2020s#2024","Sarah J. Maas, Colleen Hoover, and Rebecca Yarros","Sarah J. Maas, Rebecca Yarros, and Colleen Hoover","Colleen Hoover, Rebecca Yarros, and Sarah J. Maas","Colleen Hoover, Sarah J. Maas, and Rebecca Yarros","Rebecca Yarros, Sarah J. Maas, and Colleen Hoover ","Rebecca Yarros, Colleen Hoover, and Sarah J. Maas",,,,,,"The question contains a valid premise. According to Publishers Weekly, Colleen Hoover was one of the authors who dominated the bestseller charts in the United States in 2023.","['Sarah J. Maas, Colleen Hoover, and Rebecca Yarros', 'Sarah J. Maas, Rebecca Yarros, and Colleen Hoover', 'Colleen Hoover, Rebecca Yarros, and Sarah J. Maas', 'Colleen Hoover, Sarah J. Maas, and Rebecca Yarros', 'Rebecca Yarros, Sarah J. Maas, and Colleen Hoover', 'Rebecca Yarros, Colleen Hoover, and Sarah J. Maas']",incorrect,evaluation: incorrect
482,482,TEST,How many American companies were there in the Fortune Global 500 list last year?,2025,01/01/2026,False,multi-hop,fast-changing,https://www.csis.org/blogs/trustee-china-hand/change-fortune-us-firms-overtake-chinas-fortune-global-500#:~:text=In%20this%20year%E2%80%99s%20contest%2C%20the%20United%20States%20has%20retaken%20the%20top%20spot%20with%20139%20companies%20versus%20China%E2%80%99s%20128%20(Figure%201).,139,,,,,,,,,,,"The question contains a valid premise. As of the most recent information, there were 138 American companies on the Fortune Global 500 list in 2025.",['139'],incorrect,evaluation: incorrect
483,483,TEST,How far did the United States representative go at the last Miss World?,2025,01/01/2026,False,multi-hop,fast-changing,"https://en.wikipedia.org/wiki/Miss_World_America#Titleholders:~:text=the%202023%20pageant.-,2025,USA%202016%3B%201st%20Runner%2Dup%20at%20Miss%20World%20America%202023.,-Notes%3A",Top 20,,,,,,,,,,,"The question does not contain a valid premise as it assumes specific information about the last Miss World event that is not provided in the sources. Therefore, I cannot determine how far the United States representative went at the last Miss World without additional context or data.",['Top 20'],incorrect,evaluation: incorrect
484,484,TEST,"In what month and year was the price of Bitcoin last above $40,000?",2025,11/01/2025,False,multi-hop,fast-changing,https://www.google.com/finance/quote/BTC-USD?hl=en&window=5Y,October 2025,,,,,,,,,,,"The question contains a valid premise. As of today, November 15, 2025, the most up-to-date and relevant information regarding this query is as follows. The price of Bitcoin was last above $40,000 in April 2022.",['October 2025'],incorrect,evaluation: incorrect
485,485,TEST,Who are the latest champions of the North America's oldest professional sports trophy?,2024,occasionally,False,multi-hop,fast-changing,"https://en.wikipedia.org/wiki/Stanley_Cup_Finals#Champions:~:text=2025-,Florida%20Panthers%20(EC),-Paul%20Maurice",Florida Panthers (EC),,,,,,,,,,,"The question contains a valid premise. The Stanley Cup is the oldest professional sports trophy in North America. The latest champions of the Stanley Cup are the Florida Panthers, who won in 2025.",['Florida Panthers (EC)'],incorrect,evaluation: incorrect
486,486,TEST,In which country was the richest woman in the world born?,2024,frequently,False,multi-hop,fast-changing,"https://www.forbes.com/real-time-billionaires/#73dbaead3d78
https://en.wikipedia.org/wiki/Alice_Walton#:~:text=Newport%2C%20Arkansas%2C-,U.S.,-Education",the USA,USA,the United States,United States,U.S.,the U.S.,the US,,,,,"The question contains a valid premise. As of the most recent information, the richest woman in the world is Françoise Bettencourt Meyers, who was born in France.","['the USA', 'USA', 'the United States', 'United States', 'U.S.', 'the U.S.', 'the US']",incorrect,evaluation: incorrect
487,487,TEST,How many times has a player scored 60 or more points in a single game in NBA history?,2024,frequently,False,multi-hop,fast-changing,https://en.wikipedia.org/wiki/List_of_NBA_single-game_scoring_leaders#:~:text=This%20feat%20has%20been%20accomplished%2091%20times%20in%20NBA%20history.,91,91 times,,,,,,,,,,"The question contains a valid premise. As of today, November 15, 2025, players have scored 60 or more points in a single NBA game 93 times.","['91', '91 times']",incorrect,evaluation: incorrect
488,488,TEST,In what country was the most recent Time Person of the Year born?,2024,frequently,False,multi-hop,fast-changing,"https://en.wikipedia.org/wiki/Time_Person_of_the_Year#Athlete_of_the_Year:~:text=8-,2024,Donald%20Trump,-(2)
https://en.wikipedia.org/wiki/Donald_Trump#:~:text=New%20York%20City%2C-,U.S.,-Political%20party",the USA,USA,the United States,United States,U.S.,the U.S.,the US,,,,,"The question does not contain a valid premise because it does not specify who the most recent Time Person of the Year is. Without this information, it is not possible to determine the country of birth.","['the USA', 'USA', 'the United States', 'United States', 'U.S.', 'the U.S.', 'the US']",incorrect,evaluation: incorrect
489,489,TEST,What's the current Tomatometer score of the most recent season of The Lord of the Rings: The Rings of Power on Rotten Tomatoes?,2024,frequently,False,multi-hop,fast-changing,https://www.rottentomatoes.com/tv/the_lord_of_the_rings_the_rings_of_power/s02,84%,84,,,,,,,,,,"The question contains a valid premise. As of the most recent information available, the Tomatometer score for Season 2 of ""The Lord of the Rings: The Rings of Power"" on Rotten Tomatoes is 84%.","['84%', '84']",correct,evaluation: correct
490,490,TEST,What's the current audience score of the most recent season of The Lord of the Rings: The Rings of Power on Rotten Tomatoes?,2024,frequently,False,multi-hop,fast-changing,https://www.rottentomatoes.com/tv/the_lord_of_the_rings_the_rings_of_power/s02,59%,59,,,,,,,,,,"The question contains a valid premise. As of the most recent information available, the audience score for Season 2 of ""The Lord of the Rings: The Rings of Power"" on Rotten Tomatoes is 65%.","['59%', '59']",incorrect,evaluation: incorrect
491,491,TEST,How old is the current Miss Universe?,2024,frequently,False,multi-hop,fast-changing,"https://en.wikipedia.org/wiki/Miss_Universe#:~:text=The%20reigning%20Miss%20Universe%20is%20Victoria%20Kj%C3%A6r%20Theilvig
https://en.wikipedia.org/wiki/Victoria_Kj%C3%A6r_Theilvig#:~:text=November%202003%20(-,age%C2%A021,-)%0AHerlev%2C%20Denmark",21 years old,21,,,,,,,,,,"The current Miss Universe is Victoria Kjær Theilvig, who was born on November 13, 2003. As of today, November 15, 2025, she is 22 years old.","['21 years old', '21']",incorrect,evaluation: incorrect
531,531,DEV,Where was the funeral for Pope Francis held?,2025,occasionally,False,one-hop,slow-changing,https://www.cnn.com/interactive/2025/04/world/pope-francis-funeral-cnnphotos/#:~:text=The%20coffin%20of%20Pope%20Francis%20is%20carried%20into%20St.%20Peter%27s%20Square%20at%20the%20start%20of%20his%20funeral,St. Peter's Square,St. Peter's Square in Vatican City,,,,,,,,,,"The question contains an invalid premise. As of my knowledge cutoff in October 2023, Pope Francis was alive. Therefore, any information regarding his funeral would be speculative or fictional.","[""St. Peter's Square"", ""St. Peter's Square in Vatican City""]",incorrect,evaluation: incorrect
532,532,DEV,What is the hottest year on record?,2025,occasionally,False,one-hop,slow-changing,"https://en.wikipedia.org/wiki/Global_surface_temperature#Warmest_years:~:text=Anomaly%20%C2%B0F-,1,2.23,-2",2024,,,,,,,,,,,"As of today, November 15, 2025, the most up-to-date and relevant information regarding this query is as follows. The hottest year on record is 2024.",['2024'],correct,evaluation: correct
533,533,DEV,Which club does Angel Di Maria play for?,2025,occasionally,False,one-hop,slow-changing,"https://en.wikipedia.org/wiki/%C3%81ngel_Di_Mar%C3%ADa#:~:text=Current%20team,Rosario%20Central",Rosario Central,,,,,,,,,,,"As of today, November 15, 2025, Ángel Di María plays for Club Atlético Rosario Central.",['Rosario Central'],correct,evaluation: correct
534,534,DEV,What is the minimum hourly wage in Tokyo right now?,2025,occasionally,False,one-hop,slow-changing,"https://wageindicator.org/salary/minimum-wage/japan#:~:text=October%203%2C%202025-,%C2%A51%2C226,-Kanagawa%20prefecture","¥1,226","¥1,226/hour","¥1,226 per hour","1,226",,,,,,,,"As of today, November 15, 2025, the minimum hourly wage in Tokyo is ¥1,226.","['¥1,226', '¥1,226/hour', '¥1,226 per hour', '1,226']",correct,evaluation: correct
546,546,DEV,How much did the most expensive movie ever made cost?,2025,occasionally,False,multi-hop,slow-changing,https://en.wikipedia.org/wiki/List_of_most_expensive_films#:~:text=Star%20Wars%3A%20The%20Rise%20of%20Skywalker%20holds%20the%20official%20record%20with%20a%20net%20budget%20of%20%24490%20million.,$490 million,,,,,,,,,,,"The question contains conflicting information regarding the most expensive movie ever made. However, based on the most recent and relevant data, ""Jurassic World: Dominion"" is reported to have a production budget of $584 million, making it the most expensive movie ever made to date.",['$490 million'],incorrect,evaluation: incorrect
547,547,DEV,Who was the first spouse of the current President of the United States?,2025,01/01/2029,False,multi-hop,slow-changing,"https://en.wikipedia.org/wiki/Donald_Trump#:~:text=(2011%E2%80%932012)-,Spouses,-Ivana%20Zeln%C3%AD%C4%8Dkov%C3%A1",Ivana Zelníčková,,,,,,,,,,,"The question contains an invalid premise. As of November 15, 2025, the current President of the United States is Donald Trump. His first spouse was Ivana Trump, to whom he was married from 1977 to 1992.",['Ivana Zelníčková'],correct,evaluation: correct
548,548,DEV,Who is the latest French player to win the Ballon d'Or?,2025,01/01/2026,False,multi-hop,slow-changing,"https://en.wikipedia.org/wiki/Ballon_d%27Or#Wins_by_player:~:text=2025-,1st,Ousmane%20Demb%C3%A9l%C3%A9,-Paris%20Saint%2DGermain",Dembélé,Ousmane Dembélé,Masour Ousmane Dembélé,,,,,,,,,"The question contains a valid premise. The latest French player to win the Ballon d'Or is Ousmane Dembélé, who won the award in 2025.","['Dembélé', 'Ousmane Dembélé', 'Masour Ousmane Dembélé']",incorrect,evaluation: incorrect
549,549,DEV,How many public health emergency of international concern declarations have been made by WHO between 2009 and now?,2024,,False,multi-hop,slow-changing,"https://en.wikipedia.org/wiki/Public_health_emergency_of_international_concern#:~:text=place.%5B1%5D-,Declarations,-%5Bedit%5D",8,eight,,,,,,,,,,"The question contains a valid premise. As of today, November 15, 2025, the World Health Organization (WHO) has declared a Public Health Emergency of International Concern (PHEIC) seven times since 2009.","['8', 'eight']",incorrect,evaluation: incorrect
577,577,DEV,What is King Gizzard’s most recent studio album?,2025,frequently,False,one-hop,fast-changing,"https://en.wikipedia.org/wiki/King_Gizzard_%26_the_Lizard_Wizard_discography#:~:text=118-,Phantom%20Island,Released%3A%2013%20June%202025,-Label%3A%20p(doom",Phantom Island,,,,,,,,,,,"As of today November 15, 2025, the most up-to-date and relevant information regarding this query is as follows. King Gizzard & The Lizard Wizard's most recent studio album is ""Phantom Island,"" released on June 13, 2025.",['Phantom Island'],correct,evaluation: correct
578,578,DEV,What is the most recent movie in the Marvel Cinematic Universe?,2025,frequently,False,one-hop,fast-changing,"https://www.marvel.com/movies#:~:text=Marvel%20Cinematic%20Universe!-,The%20Fantastic%20Four%3A%20First%20Steps,-JUL%2025%2C%202025",The Fantastic Four: First Steps,,,,,,,,,,,"As of today November 15, 2025, the most up-to-date and relevant information regarding this query is as follows. The most recent movie in the Marvel Cinematic Universe is ""The Fantastic Four: First Steps,"" released in 2025.",['The Fantastic Four: First Steps'],correct,evaluation: correct
579,579,DEV,What is the name of the most recent hurricane that affected the Southeastern United States?,2025,frequently,False,one-hop,fast-changing,"https://en.wikipedia.org/wiki/2025_Atlantic_hurricane_season#Season_effects:~:text=None-,Imelda,-September%C2%A027%C2%A0%E2%80%93%20October",Imelda,,,,,,,,,,,The question contains a valid premise. The most recent hurricane that affected the Southeastern United States was Hurricane Helene in September 2024.,['Imelda'],incorrect,evaluation: incorrect
580,580,DEV,Who won the most recent season of America's Got Talent?,2025,09/01/2026,False,one-hop,fast-changing,"https://en.wikipedia.org/wiki/America%27s_Got_Talent#Season_synopses:~:text=September%C2%A024%2C%C2%A02025-,Jessica%20Sanchez,-Chris%20Turner",Jessica Sanchez,,,,,,,,,,,"As of today November 15, 2025, the most up-to-date and relevant information regarding this query is as follows. The most recent season of America's Got Talent, Season 20, was won by singer Jessica Sanchez.",['Jessica Sanchez'],incorrect,evaluation: incorrect
581,581,DEV,When is the next Lunar New Year?,2025,02/17/2026,False,one-hop,fast-changing,"https://en.wikipedia.org/wiki/Chinese_New_Year#:~:text=Wednesday-,2026,17%20Feb,-Horse","Feb 17, 2026","February 17, 2026",17 Feb 2026,17 February 2026,02/17/2026,02-17-2026,17/02/2026,17-02-2026,2026/02/17,2026-02-17,,"The question contains a valid premise. As of today, November 15, 2025, the next Lunar New Year will be on February 17, 2026.","['Feb 17, 2026', 'February 17, 2026', '17 Feb 2026', '17 February 2026', '02/17/2026', '02-17-2026', '17/02/2026', '17-02-2026', '2026/02/17', '2026-02-17']",correct,evaluation: correct
582,582,DEV,When did this year's Rosh Hashanah start?,2025,01/01/2026,False,one-hop,fast-changing,"https://en.wikipedia.org/wiki/Rosh_Hashanah#:~:text=2025%C2%A0date,nightfall%2C%2024%20September","Sep 22, 2025","September 22, 2025",22 Sep 2025,22 September 2025,09/22/2025,09-22-2025,22/09/2025,22-09-2025,2025/09/22,2025-09-22,,"The question contains a valid premise. This year's Rosh Hashanah started at sunset on September 15, 2025.","['Sep 22, 2025', 'September 22, 2025', '22 Sep 2025', '22 September 2025', '09/22/2025', '09-22-2025', '22/09/2025', '22-09-2025', '2025/09/22', '2025-09-22']",incorrect,evaluation: incorrect
583,583,DEV,What is the host city of the upcoming International Olympiad in Informatics (IOI)?,2025,01/01/2026,False,one-hop,fast-changing,"https://en.wikipedia.org/wiki/International_Olympiad_in_Informatics#:~:text=2026,Tashkent",Tashkent,"Tashkent, Uzbekistan",,,,,,,,,,"The question does not contain a valid premise because it refers to the ""upcoming"" International Olympiad in Informatics (IOI), but the information provided indicates that the 2025 IOI has already taken place in Sucre, Bolivia. Therefore, there is no upcoming IOI based on the current data.","['Tashkent', 'Tashkent, Uzbekistan']",incorrect,evaluation: incorrect
584,584,DEV,What won the latest Academy Award for Best Animated Short Film?,2025,01/01/2026,False,one-hop,fast-changing,"https://en.wikipedia.org/wiki/Academy_Award_for_Best_Animated_Short_Film#:~:text=2024%0A(97th),of%20the%20Cypress",In the Shadow of the Cypress,,,,,,,,,,,"The question contains a valid premise. The latest Academy Award for Best Animated Short Film was won by ""In the Shadow of the Cypress"" at the 97th Academy Awards in 2025.",['In the Shadow of the Cypress'],incorrect,evaluation: incorrect
585,585,DEV,Which comedy series won the most recent Primetime Emmy Award for Outstanding Comedy Series?,2025,01/01/2026,False,one-hop,fast-changing,"https://en.wikipedia.org/wiki/Primetime_Emmy_Award_for_Outstanding_Comedy_Series#:~:text=2025%0A(77th),(Season%201)",The Studio,The Studio (Season 1),,,,,,,,,,"The question contains a valid premise. As of today, November 15, 2025, the most recent Primetime Emmy Award for Outstanding Comedy Series was won by ""The Studio.""","['The Studio', 'The Studio (Season 1)']",correct,evaluation: correct
586,586,DEV,What institution won the most recent ACM-ICPC World Finals?,2025,01/01/2026,False,one-hop,fast-changing,"https://en.wikipedia.org/wiki/International_Collegiate_Programming_Contest#:~:text=Host%20City-,2025,Saint%20Petersburg%20State%20University,-Azerbaijan",Saint Petersburg State University,,,,,,,,,,,"As of today, November 15, 2025, the most up-to-date and relevant information regarding this query is as follows. St. Petersburg State University won the most recent ACM-ICPC World Finals in 2025.",['Saint Petersburg State University'],incorrect,evaluation: incorrect
587,587,DEV,What is the next Columbia Pictures film?,2025,12/25/2025,False,one-hop,fast-changing,"https://en.wikipedia.org/wiki/List_of_Columbia_Pictures_films_%282020%E2%80%932029%29#:~:text=December%2025%2C%202025,Anaconda",Anaconda,,,,,,,,,,,"The question does not contain a valid premise. There is no specific information provided about the exact release date of the next Columbia Pictures film. However, based on available data, ""Anaconda"" is scheduled for release on December 25, 2025.",['Anaconda'],incorrect,evaluation: incorrect
588,588,DEV,When is the next full moon?,2025,11/05/2025,False,one-hop,fast-changing,"https://www.farmersalmanac.com/full-moon-dates-and-times#:~:text=11%3A48%20PM-,November%205,-Beaver%20Moon","Nov 5, 2025","November 5, 2025",5 Nov 2025,5 November 2025,11/5/2025,11-5-2025,5/11/2025,5-11-2025,2025/11/5,2025-11-5,,"As of today, November 15, 2025, the next full moon will occur on December 4, 2025.","['Nov 5, 2025', 'November 5, 2025', '5 Nov 2025', '5 November 2025', '11/5/2025', '11-5-2025', '5/11/2025', '5-11-2025', '2025/11/5', '2025-11-5']",incorrect,evaluation: incorrect
589,589,DEV,What month is it?,2025,11/01/2025,False,one-hop,fast-changing,https://whatmonthisit.com/,October,,,,,,,,,,,"As of today, November 15, 2025, the current month is November.",['October'],incorrect,evaluation: incorrect
590,590,DEV,How many people have been on the International Space Station?,2024,frequently,False,one-hop,fast-changing,https://www.nasa.gov/international-space-station/space-station-visitors-by-country/#:~:text=Over%20280%20individuals,280,over 280,,,,,,,,,,"As of today, November 15, 2025, the most up-to-date and relevant information regarding this query is as follows. A total of 290 people from 26 countries have visited the International Space Station.","['280', 'over 280']",correct,evaluation: correct
591,591,DEV,How many people are there in the world?,2024,frequently,False,one-hop,fast-changing,"https://www.worldometers.info/world-population/#:~:text=World%20Population-,Current%20World%20Population,-8%2C121",8.2 billion,8.25 billion,,,,,,,,,,"As of today, November 15, 2025, the most up-to-date and relevant information regarding this query is as follows. The current world population is approximately 8,256,776,949 according to the most recent United Nations estimates.","['8.2 billion', '8.25 billion']",correct,evaluation: correct
593,593,DEV,How many official goals has Erling Haaland scored for his current club?,2025,frequently,False,multi-hop,fast-changing,"https://en.wikipedia.org/wiki/Erling_Haaland#:~:text=157-,139,-Career%20total",139,139 goals,,,,,,,,,,"The question contains a valid premise. As of the latest information available, Erling Haaland has scored 143 official goals for Manchester City.","['139', '139 goals']",incorrect,evaluation: incorrect
594,594,DEV,What was max temperature this month in the most populated US city?,2025,frequently,False,multi-hop,fast-changing,"https://www.accuweather.com/en/us/new-york/10021/october-weather/349727?year=2025#:~:text=5-,84%C2%B0,-64%C2%B0",84 degrees,84 °F,,,,,,,,,,"The question contains a valid premise. The most populated city in the United States is New York City. However, the specific maximum temperature for New York City this month is not provided in the sources. To find the exact maximum temperature, one would need to consult a reliable weather database or service for up-to-date information.","['84 degrees', '84 °F']",incorrect,evaluation: incorrect
595,595,DEV,Is the current water level of Lake Powell above 3550 feet?,2025,frequently,False,multi-hop,fast-changing,"https://powell.uslakes.info/Level/#:~:text=Powell%20Water%20Level-,WATER%20LEVEL,-3%2C572.77",No,,,,,,,,,,,"The current water level of Lake Powell is not above 3550 feet. As of November 13, 2025, the water level is approximately 3544.52 feet.",['No'],correct,evaluation: correct
596,596,DEV,What is the most powerful processor on the latest iPhone models?,2025,09/01/2026,False,multi-hop,fast-changing,https://www.apple.com/newsroom/2025/09/apple-unveils-iphone-17-pro-and-iphone-17-pro-max/,Apple A19 Pro,,,,,,,,,,,"As of today November 15, 2025, the most up-to-date and relevant information regarding this query is as follows. The most powerful processor on the latest iPhone models is the A19 Pro chip, featured in the iPhone 17 Pro and iPhone 17 Pro Max.",['Apple A19 Pro'],correct,evaluation: correct
597,597,DEV,When was the most recent winner of the Tour de France born?,2025,01/01/2026,False,multi-hop,fast-changing,"https://en.wikipedia.org/wiki/List_of_Tour_de_France_general_classification_winners#Winners:~:text=6-,2025,Tadej%20Poga%C4%8Dar,-*
https://en.wikipedia.org/wiki/Tadej_Poga%C4%8Dar#:~:text=Born-,21%20September%201998,-%28age%C2%A027%29",1998,"Sep 21, 1998","September 21, 1998",21 Sep 1998,21 September 1998,09/21/1998,09-21-1998,21/09/1998,21-09-1998,1998/09/21,,"The question contains a valid premise. The most recent winner of the Tour de France, as of 2025, is Tadej Pogačar. He was born on September 21, 1998.","['1998', 'Sep 21, 1998', 'September 21, 1998', '21 Sep 1998', '21 September 1998', '09/21/1998', '09-21-1998', '21/09/1998', '21-09-1998', '1998/09/21']",correct,evaluation: correct
598,598,DEV,What is the current age of the oldest singles champion of The ATP Finals?,2024,05/22/2026,False,multi-hop,fast-changing,"https://en.wikipedia.org/wiki/ATP_Finals#Youngest_&_oldest_champions:~:text=1978-,Oldest,Novak%20Djokovic,-36%C2%A0years%2C%205
https://en.wikipedia.org/wiki/Novak_Djokovic#:~:text=May%201987%20(-,age%C2%A038,-)",38 years old,38,,,,,,,,,,"The question contains a valid premise. As of today, November 15, 2025, the current age of the oldest singles champion of The ATP Finals is 38 years old. Novak Djokovic became the oldest singles champion at the ATP Finals when he won the title at the age of 36 years and 181 days.","['38 years old', '38']",correct,evaluation: correct
